,timeframe,edges,,,timeframe,edges,,Row Labels,Count of edges,,,DEU_B_1 - MEX_B_1,70
1,2004-07-01 - 2007-05-17, - ,,,2004-07-01 - 2007-05-17, - ,,2004-07-01 - 2007-05-17,1,,,FRA_B_1 - MEX_B_1,69
2,2004-07-08 - 2007-05-24, - ,,,2004-07-08 - 2007-05-24, - ,,2004-07-08 - 2007-05-24,1,,,NOR_B_1 - MEX_B_1,43
3,2004-07-15 - 2007-05-31, - ,,,2004-07-15 - 2007-05-31, - ,,2004-07-15 - 2007-05-31,1,,,USA_B_1 - GBR_B_1,41
4,2004-07-22 - 2007-06-07, - ,,,2004-07-22 - 2007-06-07, - ,,2004-07-22 - 2007-06-07,1,,,MEX_B_1 - JPN_B_1,26
5,2004-07-29 - 2007-06-14, - ,,,2004-07-29 - 2007-06-14, - ,,2004-07-29 - 2007-06-14,1,,,MEX_B_1 - FRA_B_1,18
6,2004-08-05 - 2007-06-21, - ,,,2004-08-05 - 2007-06-21, - ,,2004-08-05 - 2007-06-21,1,,,CHN_B_1 - MEX_B_1,16
7,2004-08-12 - 2007-06-28, - ,,,2004-08-12 - 2007-06-28, - ,,2004-08-12 - 2007-06-28,1,,,CAN_B_1 - AUS_B_1,13
8,2004-08-19 - 2007-07-05, - ,,,2004-08-19 - 2007-07-05, - ,,2004-08-19 - 2007-07-05,1,,,JPN_B_1 - GBR_B_1,11
9,2004-08-26 - 2007-07-12, - ,,,2004-08-26 - 2007-07-12, - ,,2004-08-26 - 2007-07-12,1,,,USA_B_1 - NOR_B_1,9
10,2004-09-02 - 2007-07-19, - ,,,2004-09-02 - 2007-07-19, - ,,2004-09-02 - 2007-07-19,1,,,FRA_B_1 - AUS_B_1,7
11,2004-09-09 - 2007-07-26, - ,,,2004-09-09 - 2007-07-26, - ,,2004-09-09 - 2007-07-26,1,,,FRA_B_1 - NOR_B_1,7
12,2004-09-16 - 2007-08-02, - ,,,2004-09-16 - 2007-08-02, - ,,2004-09-16 - 2007-08-02,1,,,USA_B_1 - MEX_B_1,6
13,2004-09-23 - 2007-08-09, - ,,,2004-09-23 - 2007-08-09, - ,,2004-09-23 - 2007-08-09,1,,,CHN_B_1 - AUS_B_1,4
14,2004-09-30 - 2007-08-16, - ,,,2004-09-30 - 2007-08-16, - ,,2004-09-30 - 2007-08-16,1,,,JPN_B_1 - MEX_B_1,4
15,2004-10-07 - 2007-08-23, - ,,,2004-10-07 - 2007-08-23, - ,,2004-10-07 - 2007-08-23,1,,,NOR_B_1 - JPN_B_1,4
16,2004-10-14 - 2007-08-30, - ,,,2004-10-14 - 2007-08-30, - ,,2004-10-14 - 2007-08-30,1,,,CHE_B_1 - AUS_B_1,3
17,2004-10-21 - 2007-09-06, - ,,,2004-10-21 - 2007-09-06, - ,,2004-10-21 - 2007-09-06,1,,,MEX_B_1 - USA_B_1,3
18,2004-10-28 - 2007-09-13, - ,,,2004-10-28 - 2007-09-13, - ,,2004-10-28 - 2007-09-13,1,,,AUS_B_1 - NOR_B_1,2
19,2004-11-04 - 2007-09-20, - ,,,2004-11-04 - 2007-09-20, - ,,2004-11-04 - 2007-09-20,1,,,DEU_B_1 - FRA_B_1,2
20,2004-11-11 - 2007-09-27, - ,,,2004-11-11 - 2007-09-27, - ,,2004-11-11 - 2007-09-27,1,,,ITA_B_1 - FRA_B_1,2
21,2004-11-18 - 2007-10-04, - ,,,2004-11-18 - 2007-10-04, - ,,2004-11-18 - 2007-10-04,1,,,JPN_B_1 - CHE_B_1,2
22,2004-11-25 - 2007-10-11, - ,,,2004-11-25 - 2007-10-11, - ,,2004-11-25 - 2007-10-11,1,,,CAN_B_1 - GBR_B_1,1
23,2004-12-02 - 2007-10-18, - ,,,2004-12-02 - 2007-10-18, - ,,2004-12-02 - 2007-10-18,1,,,CHE_B_1 - USA_B_1,1
24,2004-12-09 - 2007-10-25, - ,,,2004-12-09 - 2007-10-25, - ,,2004-12-09 - 2007-10-25,1,,,DEU_B_1 - CAN_B_1,1
25,2004-12-16 - 2007-11-01, - ,,,2004-12-16 - 2007-11-01, - ,,2004-12-16 - 2007-11-01,1,,,GBR_B_1 - MEX_B_1,1
26,2004-12-23 - 2007-11-08, - ,,,2004-12-23 - 2007-11-08, - ,,2004-12-23 - 2007-11-08,1,,,ITA_B_1 - MEX_B_1,1
27,2004-12-30 - 2007-11-15, - ,,,2004-12-30 - 2007-11-15, - ,,2004-12-30 - 2007-11-15,1,,,MEX_B_1 - CHN_B_1,1
28,2005-01-06 - 2007-11-22, - ,,,2005-01-06 - 2007-11-22, - ,,2005-01-06 - 2007-11-22,1,,,USA_B_1 - CHE_B_1,1
29,2005-01-13 - 2007-11-29, - ,,,2005-01-13 - 2007-11-29, - ,,2005-01-13 - 2007-11-29,1,,,,
30,2005-01-20 - 2007-12-06, - ,,,2005-01-20 - 2007-12-06, - ,,2005-01-20 - 2007-12-06,1,,,,
31,2005-01-27 - 2007-12-13, - ,,,2005-01-27 - 2007-12-13, - ,,2005-01-27 - 2007-12-13,1,,,,
32,2005-02-03 - 2007-12-20, - ,,,2005-02-03 - 2007-12-20, - ,,2005-02-03 - 2007-12-20,1,,,,
33,2005-02-10 - 2007-12-27, - ,,,2005-02-10 - 2007-12-27, - ,,2005-02-10 - 2007-12-27,1,,,,
34,2005-02-17 - 2008-01-03, - ,,,2005-02-17 - 2008-01-03, - ,,2005-02-17 - 2008-01-03,1,,,,
35,2005-02-24 - 2008-01-10, - ,,,2005-02-24 - 2008-01-10, - ,,2005-02-24 - 2008-01-10,1,,,,
36,2005-03-03 - 2008-01-17, - ,,,2005-03-03 - 2008-01-17, - ,,2005-03-03 - 2008-01-17,1,,,,
37,2005-03-10 - 2008-01-24, - ,,,2005-03-10 - 2008-01-24, - ,,2005-03-10 - 2008-01-24,1,,,,
38,2005-03-17 - 2008-01-31, - ,,,2005-03-17 - 2008-01-31, - ,,2005-03-17 - 2008-01-31,1,,,,
39,2005-03-24 - 2008-02-07, - ,,,2005-03-24 - 2008-02-07, - ,,2005-03-24 - 2008-02-07,1,,,,
40,2005-03-31 - 2008-02-14, - ,,,2005-03-31 - 2008-02-14, - ,,2005-03-31 - 2008-02-14,1,,,,
41,2005-04-07 - 2008-02-21, - ,,,2005-04-07 - 2008-02-21, - ,,2005-04-07 - 2008-02-21,1,,,,
42,2005-04-14 - 2008-02-28, - ,,,2005-04-14 - 2008-02-28, - ,,2005-04-14 - 2008-02-28,1,,,,
43,2005-04-21 - 2008-03-06, - ,,,2005-04-21 - 2008-03-06, - ,,2005-04-21 - 2008-03-06,1,,,,
44,2005-04-28 - 2008-03-13, - ,,,2005-04-28 - 2008-03-13, - ,,2005-04-28 - 2008-03-13,1,,,,
45,2005-05-05 - 2008-03-20, - ,,,2005-05-05 - 2008-03-20, - ,,2005-05-05 - 2008-03-20,1,,,,
46,2005-05-12 - 2008-03-27, - ,,,2005-05-12 - 2008-03-27, - ,,2005-05-12 - 2008-03-27,1,,,,
47,2005-05-19 - 2008-04-03, - ,,,2005-05-19 - 2008-04-03, - ,,2005-05-19 - 2008-04-03,1,,,,
48,2005-05-26 - 2008-04-10, - ,,,2005-05-26 - 2008-04-10, - ,,2005-05-26 - 2008-04-10,1,,,,
49,2005-06-02 - 2008-04-17, - ,,,2005-06-02 - 2008-04-17, - ,,2005-06-02 - 2008-04-17,1,,,,
50,2005-06-09 - 2008-04-24, - ,,,2005-06-09 - 2008-04-24, - ,,2005-06-09 - 2008-04-24,1,,,,
51,2005-06-16 - 2008-05-01, - ,,,2005-06-16 - 2008-05-01, - ,,2005-06-16 - 2008-05-01,1,,,,
52,2005-06-23 - 2008-05-08, - ,,,2005-06-23 - 2008-05-08, - ,,2005-06-23 - 2008-05-08,1,,,,
53,2005-06-30 - 2008-05-15,USA_B_1 - GBR_B_1,,,2005-06-30 - 2008-05-15,USA_B_1 - GBR_B_1,,2005-06-30 - 2008-05-15,1,,,,
54,2005-07-07 - 2008-05-22,USA_B_1 - GBR_B_1,,,2005-07-07 - 2008-05-22,USA_B_1 - GBR_B_1,,2005-07-07 - 2008-05-22,1,,,,
55,2005-07-14 - 2008-05-29,USA_B_1 - GBR_B_1,,,2005-07-14 - 2008-05-29,USA_B_1 - GBR_B_1,,2005-07-14 - 2008-05-29,1,,,,
56,2005-07-21 - 2008-06-05,USA_B_1 - GBR_B_1,,,2005-07-21 - 2008-06-05,USA_B_1 - GBR_B_1,,2005-07-21 - 2008-06-05,1,,,,
57,2005-07-28 - 2008-06-12, - ,,,2005-07-28 - 2008-06-12, - ,,2005-07-28 - 2008-06-12,1,,,,
58,2005-08-04 - 2008-06-19, - ,,,2005-08-04 - 2008-06-19, - ,,2005-08-04 - 2008-06-19,1,,,,
59,2005-08-11 - 2008-06-26, - ,,,2005-08-11 - 2008-06-26, - ,,2005-08-11 - 2008-06-26,1,,,,
60,2005-08-18 - 2008-07-03,USA_B_1 - GBR_B_1,,,2005-08-18 - 2008-07-03,USA_B_1 - GBR_B_1,,2005-08-18 - 2008-07-03,1,,,,
61,2005-08-25 - 2008-07-10,USA_B_1 - GBR_B_1,,,2005-08-25 - 2008-07-10,USA_B_1 - GBR_B_1,,2005-08-25 - 2008-07-10,1,,,,
62,2005-09-01 - 2008-07-17,USA_B_1 - GBR_B_1,,,2005-09-01 - 2008-07-17,USA_B_1 - GBR_B_1,,2005-09-01 - 2008-07-17,1,,,,
63,2005-09-08 - 2008-07-24,USA_B_1 - GBR_B_1,,,2005-09-08 - 2008-07-24,USA_B_1 - GBR_B_1,,2005-09-08 - 2008-07-24,1,,,,
64,2005-09-15 - 2008-07-31, - ,,,2005-09-15 - 2008-07-31, - ,,2005-09-15 - 2008-07-31,1,,,,
65,2005-09-22 - 2008-08-07, - ,,,2005-09-22 - 2008-08-07, - ,,2005-09-22 - 2008-08-07,1,,,,
66,2005-09-29 - 2008-08-14, - ,,,2005-09-29 - 2008-08-14, - ,,2005-09-29 - 2008-08-14,1,,,,
67,2005-10-06 - 2008-08-21, - ,,,2005-10-06 - 2008-08-21, - ,,2005-10-06 - 2008-08-21,1,,,,
68,2005-10-13 - 2008-08-28, - ,,,2005-10-13 - 2008-08-28, - ,,2005-10-13 - 2008-08-28,1,,,,
69,2005-10-20 - 2008-09-04, - ,,,2005-10-20 - 2008-09-04, - ,,2005-10-20 - 2008-09-04,1,,,,
70,2005-10-27 - 2008-09-11, - ,,,2005-10-27 - 2008-09-11, - ,,2005-10-27 - 2008-09-11,1,,,,
71,2005-11-03 - 2008-09-18, - ,,,2005-11-03 - 2008-09-18, - ,,2005-11-03 - 2008-09-18,1,,,,
72,2005-11-10 - 2008-09-25, - ,,,2005-11-10 - 2008-09-25, - ,,2005-11-10 - 2008-09-25,1,,,,
73,2005-11-17 - 2008-10-02, - ,,,2005-11-17 - 2008-10-02, - ,,2005-11-17 - 2008-10-02,1,,,,
74,2005-11-24 - 2008-10-09,USA_B_1 - GBR_B_1,,,2005-11-24 - 2008-10-09,USA_B_1 - GBR_B_1,,2005-11-24 - 2008-10-09,2,,,,
75,2005-11-24 - 2008-10-09,USA_B_1 - NOR_B_1,,,2005-11-24 - 2008-10-09,USA_B_1 - NOR_B_1,,2005-12-01 - 2008-10-16,1,,,,
76,2005-12-01 - 2008-10-16,USA_B_1 - GBR_B_1,,,2005-12-01 - 2008-10-16,USA_B_1 - GBR_B_1,,2005-12-08 - 2008-10-23,1,,,,
77,2005-12-08 - 2008-10-23,USA_B_1 - GBR_B_1,,,2005-12-08 - 2008-10-23,USA_B_1 - GBR_B_1,,2005-12-15 - 2008-10-30,1,,,,
78,2005-12-15 - 2008-10-30,USA_B_1 - GBR_B_1,,,2005-12-15 - 2008-10-30,USA_B_1 - GBR_B_1,,2005-12-22 - 2008-11-06,1,,,,
79,2005-12-22 - 2008-11-06,USA_B_1 - GBR_B_1,,,2005-12-22 - 2008-11-06,USA_B_1 - GBR_B_1,,2005-12-29 - 2008-11-13,1,,,,
80,2005-12-29 - 2008-11-13,USA_B_1 - GBR_B_1,,,2005-12-29 - 2008-11-13,USA_B_1 - GBR_B_1,,2006-01-05 - 2008-11-20,2,,,,
81,2006-01-05 - 2008-11-20,USA_B_1 - GBR_B_1,,,2006-01-05 - 2008-11-20,USA_B_1 - GBR_B_1,,2006-01-12 - 2008-11-27,1,,,,
82,2006-01-05 - 2008-11-20,AUS_B_1 - NOR_B_1,,,2006-01-05 - 2008-11-20,AUS_B_1 - NOR_B_1,,2006-01-19 - 2008-12-04,2,,,,
83,2006-01-12 - 2008-11-27,USA_B_1 - GBR_B_1,,,2006-01-12 - 2008-11-27,USA_B_1 - GBR_B_1,,2006-01-26 - 2008-12-11,1,,,,
84,2006-01-19 - 2008-12-04,USA_B_1 - GBR_B_1,,,2006-01-19 - 2008-12-04,USA_B_1 - GBR_B_1,,2006-02-02 - 2008-12-18,1,,,,
85,2006-01-19 - 2008-12-04,AUS_B_1 - NOR_B_1,,,2006-01-19 - 2008-12-04,AUS_B_1 - NOR_B_1,,2006-02-09 - 2008-12-25,1,,,,
86,2006-01-26 - 2008-12-11,USA_B_1 - GBR_B_1,,,2006-01-26 - 2008-12-11,USA_B_1 - GBR_B_1,,2006-02-16 - 2009-01-01,1,,,,
87,2006-02-02 - 2008-12-18,USA_B_1 - GBR_B_1,,,2006-02-02 - 2008-12-18,USA_B_1 - GBR_B_1,,2006-02-23 - 2009-01-08,4,,,,
88,2006-02-09 - 2008-12-25,USA_B_1 - GBR_B_1,,,2006-02-09 - 2008-12-25,USA_B_1 - GBR_B_1,,2006-03-02 - 2009-01-15,1,,,,
89,2006-02-16 - 2009-01-01,USA_B_1 - GBR_B_1,,,2006-02-16 - 2009-01-01,USA_B_1 - GBR_B_1,,2006-03-09 - 2009-01-22,1,,,,
90,2006-02-23 - 2009-01-08,USA_B_1 - GBR_B_1,,,2006-02-23 - 2009-01-08,USA_B_1 - GBR_B_1,,2006-03-16 - 2009-01-29,3,,,,
91,2006-02-23 - 2009-01-08,DEU_B_1 - MEX_B_1,,,2006-02-23 - 2009-01-08,DEU_B_1 - MEX_B_1,,2006-03-23 - 2009-02-05,4,,,,
92,2006-02-23 - 2009-01-08,FRA_B_1 - MEX_B_1,,,2006-02-23 - 2009-01-08,FRA_B_1 - MEX_B_1,,2006-03-30 - 2009-02-12,3,,,,
93,2006-02-23 - 2009-01-08,USA_B_1 - NOR_B_1,,,2006-02-23 - 2009-01-08,USA_B_1 - NOR_B_1,,2006-04-06 - 2009-02-19,2,,,,
94,2006-03-02 - 2009-01-15,USA_B_1 - NOR_B_1,,,2006-03-02 - 2009-01-15,USA_B_1 - NOR_B_1,,2006-04-13 - 2009-02-26,3,,,,
95,2006-03-09 - 2009-01-22, - ,,,2006-03-09 - 2009-01-22, - ,,2006-04-20 - 2009-03-05,6,,,,
96,2006-03-16 - 2009-01-29,CHE_B_1 - AUS_B_1,,,2006-03-16 - 2009-01-29,CHE_B_1 - AUS_B_1,,2006-04-27 - 2009-03-12,4,,,,
97,2006-03-16 - 2009-01-29,FRA_B_1 - MEX_B_1,,,2006-03-16 - 2009-01-29,FRA_B_1 - MEX_B_1,,2006-05-04 - 2009-03-19,4,,,,
98,2006-03-16 - 2009-01-29,USA_B_1 - NOR_B_1,,,2006-03-16 - 2009-01-29,USA_B_1 - NOR_B_1,,2006-05-11 - 2009-03-26,3,,,,
99,2006-03-23 - 2009-02-05,CHE_B_1 - AUS_B_1,,,2006-03-23 - 2009-02-05,CHE_B_1 - AUS_B_1,,2006-05-18 - 2009-04-02,4,,,,
100,2006-03-23 - 2009-02-05,FRA_B_1 - MEX_B_1,,,2006-03-23 - 2009-02-05,FRA_B_1 - MEX_B_1,,2006-05-25 - 2009-04-09,3,,,,
101,2006-03-23 - 2009-02-05,FRA_B_1 - NOR_B_1,,,2006-03-23 - 2009-02-05,FRA_B_1 - NOR_B_1,,2006-06-01 - 2009-04-16,4,,,,
102,2006-03-23 - 2009-02-05,USA_B_1 - NOR_B_1,,,2006-03-23 - 2009-02-05,USA_B_1 - NOR_B_1,,2006-06-08 - 2009-04-23,5,,,,
103,2006-03-30 - 2009-02-12,CHE_B_1 - AUS_B_1,,,2006-03-30 - 2009-02-12,CHE_B_1 - AUS_B_1,,2006-06-15 - 2009-04-30,4,,,,
104,2006-03-30 - 2009-02-12,USA_B_1 - GBR_B_1,,,2006-03-30 - 2009-02-12,USA_B_1 - GBR_B_1,,2006-06-22 - 2009-05-07,6,,,,
105,2006-03-30 - 2009-02-12,FRA_B_1 - MEX_B_1,,,2006-03-30 - 2009-02-12,FRA_B_1 - MEX_B_1,,2006-06-29 - 2009-05-14,5,,,,
106,2006-04-06 - 2009-02-19,USA_B_1 - GBR_B_1,,,2006-04-06 - 2009-02-19,USA_B_1 - GBR_B_1,,2006-07-06 - 2009-05-21,5,,,,
107,2006-04-06 - 2009-02-19,USA_B_1 - NOR_B_1,,,2006-04-06 - 2009-02-19,USA_B_1 - NOR_B_1,,2006-07-13 - 2009-05-28,4,,,,
108,2006-04-13 - 2009-02-26,USA_B_1 - GBR_B_1,,,2006-04-13 - 2009-02-26,USA_B_1 - GBR_B_1,,2006-07-20 - 2009-06-04,4,,,,
109,2006-04-13 - 2009-02-26,FRA_B_1 - MEX_B_1,,,2006-04-13 - 2009-02-26,FRA_B_1 - MEX_B_1,,2006-07-27 - 2009-06-11,4,,,,
110,2006-04-13 - 2009-02-26,NOR_B_1 - MEX_B_1,,,2006-04-13 - 2009-02-26,NOR_B_1 - MEX_B_1,,2006-08-03 - 2009-06-18,3,,,,
111,2006-04-20 - 2009-03-05,DEU_B_1 - CAN_B_1,,,2006-04-20 - 2009-03-05,DEU_B_1 - CAN_B_1,,2006-08-10 - 2009-06-25,3,,,,
112,2006-04-20 - 2009-03-05,USA_B_1 - GBR_B_1,,,2006-04-20 - 2009-03-05,USA_B_1 - GBR_B_1,,2006-08-17 - 2009-07-02,4,,,,
113,2006-04-20 - 2009-03-05,DEU_B_1 - MEX_B_1,,,2006-04-20 - 2009-03-05,DEU_B_1 - MEX_B_1,,2006-08-24 - 2009-07-09,3,,,,
114,2006-04-20 - 2009-03-05,FRA_B_1 - MEX_B_1,,,2006-04-20 - 2009-03-05,FRA_B_1 - MEX_B_1,,2006-08-31 - 2009-07-16,4,,,,
115,2006-04-20 - 2009-03-05,NOR_B_1 - MEX_B_1,,,2006-04-20 - 2009-03-05,NOR_B_1 - MEX_B_1,,2006-09-07 - 2009-07-23,3,,,,
116,2006-04-20 - 2009-03-05,USA_B_1 - NOR_B_1,,,2006-04-20 - 2009-03-05,USA_B_1 - NOR_B_1,,2006-09-14 - 2009-07-30,2,,,,
117,2006-04-27 - 2009-03-12,USA_B_1 - GBR_B_1,,,2006-04-27 - 2009-03-12,USA_B_1 - GBR_B_1,,2006-09-21 - 2009-08-06,2,,,,
118,2006-04-27 - 2009-03-12,DEU_B_1 - MEX_B_1,,,2006-04-27 - 2009-03-12,DEU_B_1 - MEX_B_1,,2006-09-28 - 2009-08-13,2,,,,
119,2006-04-27 - 2009-03-12,NOR_B_1 - MEX_B_1,,,2006-04-27 - 2009-03-12,NOR_B_1 - MEX_B_1,,2006-10-05 - 2009-08-20,2,,,,
120,2006-04-27 - 2009-03-12,USA_B_1 - NOR_B_1,,,2006-04-27 - 2009-03-12,USA_B_1 - NOR_B_1,,2006-10-12 - 2009-08-27,2,,,,
121,2006-05-04 - 2009-03-19,USA_B_1 - GBR_B_1,,,2006-05-04 - 2009-03-19,USA_B_1 - GBR_B_1,,2006-10-19 - 2009-09-03,2,,,,
122,2006-05-04 - 2009-03-19,DEU_B_1 - MEX_B_1,,,2006-05-04 - 2009-03-19,DEU_B_1 - MEX_B_1,,2006-10-26 - 2009-09-10,2,,,,
123,2006-05-04 - 2009-03-19,NOR_B_1 - MEX_B_1,,,2006-05-04 - 2009-03-19,NOR_B_1 - MEX_B_1,,2006-11-02 - 2009-09-17,2,,,,
124,2006-05-04 - 2009-03-19,USA_B_1 - NOR_B_1,,,2006-05-04 - 2009-03-19,USA_B_1 - NOR_B_1,,2006-11-09 - 2009-09-24,2,,,,
125,2006-05-11 - 2009-03-26,USA_B_1 - GBR_B_1,,,2006-05-11 - 2009-03-26,USA_B_1 - GBR_B_1,,2006-11-16 - 2009-10-01,2,,,,
126,2006-05-11 - 2009-03-26,DEU_B_1 - MEX_B_1,,,2006-05-11 - 2009-03-26,DEU_B_1 - MEX_B_1,,2006-11-23 - 2009-10-08,2,,,,
127,2006-05-11 - 2009-03-26,NOR_B_1 - MEX_B_1,,,2006-05-11 - 2009-03-26,NOR_B_1 - MEX_B_1,,2006-11-30 - 2009-10-15,2,,,,
128,2006-05-18 - 2009-04-02,USA_B_1 - GBR_B_1,,,2006-05-18 - 2009-04-02,USA_B_1 - GBR_B_1,,2006-12-07 - 2009-10-22,2,,,,
129,2006-05-18 - 2009-04-02,DEU_B_1 - MEX_B_1,,,2006-05-18 - 2009-04-02,DEU_B_1 - MEX_B_1,,2006-12-14 - 2009-10-29,2,,,,
130,2006-05-18 - 2009-04-02,GBR_B_1 - MEX_B_1,,,2006-05-18 - 2009-04-02,GBR_B_1 - MEX_B_1,,2006-12-21 - 2009-11-05,2,,,,
131,2006-05-18 - 2009-04-02,NOR_B_1 - MEX_B_1,,,2006-05-18 - 2009-04-02,NOR_B_1 - MEX_B_1,,2006-12-28 - 2009-11-12,2,,,,
132,2006-05-25 - 2009-04-09,USA_B_1 - GBR_B_1,,,2006-05-25 - 2009-04-09,USA_B_1 - GBR_B_1,,2007-01-04 - 2009-11-19,2,,,,
133,2006-05-25 - 2009-04-09,DEU_B_1 - MEX_B_1,,,2006-05-25 - 2009-04-09,DEU_B_1 - MEX_B_1,,2007-01-11 - 2009-11-26,2,,,,
134,2006-05-25 - 2009-04-09,NOR_B_1 - MEX_B_1,,,2006-05-25 - 2009-04-09,NOR_B_1 - MEX_B_1,,2007-01-18 - 2009-12-03,2,,,,
135,2006-06-01 - 2009-04-16,USA_B_1 - GBR_B_1,,,2006-06-01 - 2009-04-16,USA_B_1 - GBR_B_1,,2007-01-25 - 2009-12-10,2,,,,
136,2006-06-01 - 2009-04-16,DEU_B_1 - MEX_B_1,,,2006-06-01 - 2009-04-16,DEU_B_1 - MEX_B_1,,2007-02-01 - 2009-12-17,2,,,,
137,2006-06-01 - 2009-04-16,FRA_B_1 - MEX_B_1,,,2006-06-01 - 2009-04-16,FRA_B_1 - MEX_B_1,,2007-02-08 - 2009-12-24,2,,,,
138,2006-06-01 - 2009-04-16,NOR_B_1 - MEX_B_1,,,2006-06-01 - 2009-04-16,NOR_B_1 - MEX_B_1,,2007-02-15 - 2009-12-31,4,,,,
139,2006-06-08 - 2009-04-23,USA_B_1 - GBR_B_1,,,2006-06-08 - 2009-04-23,USA_B_1 - GBR_B_1,,2007-02-22 - 2010-01-07,3,,,,
140,2006-06-08 - 2009-04-23,DEU_B_1 - MEX_B_1,,,2006-06-08 - 2009-04-23,DEU_B_1 - MEX_B_1,,2007-03-01 - 2010-01-14,3,,,,
141,2006-06-08 - 2009-04-23,FRA_B_1 - MEX_B_1,,,2006-06-08 - 2009-04-23,FRA_B_1 - MEX_B_1,,2007-03-08 - 2010-01-21,3,,,,
142,2006-06-08 - 2009-04-23,NOR_B_1 - MEX_B_1,,,2006-06-08 - 2009-04-23,NOR_B_1 - MEX_B_1,,2007-03-15 - 2010-01-28,3,,,,
143,2006-06-08 - 2009-04-23,FRA_B_1 - NOR_B_1,,,2006-06-08 - 2009-04-23,FRA_B_1 - NOR_B_1,,2007-03-22 - 2010-02-04,3,,,,
144,2006-06-15 - 2009-04-30,USA_B_1 - GBR_B_1,,,2006-06-15 - 2009-04-30,USA_B_1 - GBR_B_1,,2007-03-29 - 2010-02-11,3,,,,
145,2006-06-15 - 2009-04-30,DEU_B_1 - MEX_B_1,,,2006-06-15 - 2009-04-30,DEU_B_1 - MEX_B_1,,2007-04-05 - 2010-02-18,3,,,,
146,2006-06-15 - 2009-04-30,FRA_B_1 - MEX_B_1,,,2006-06-15 - 2009-04-30,FRA_B_1 - MEX_B_1,,2007-04-12 - 2010-02-25,4,,,,
147,2006-06-15 - 2009-04-30,NOR_B_1 - MEX_B_1,,,2006-06-15 - 2009-04-30,NOR_B_1 - MEX_B_1,,2007-04-19 - 2010-03-04,4,,,,
148,2006-06-22 - 2009-05-07,USA_B_1 - GBR_B_1,,,2006-06-22 - 2009-05-07,USA_B_1 - GBR_B_1,,2007-04-26 - 2010-03-11,4,,,,
149,2006-06-22 - 2009-05-07,DEU_B_1 - MEX_B_1,,,2006-06-22 - 2009-05-07,DEU_B_1 - MEX_B_1,,2007-05-03 - 2010-03-18,3,,,,
150,2006-06-22 - 2009-05-07,FRA_B_1 - MEX_B_1,,,2006-06-22 - 2009-05-07,FRA_B_1 - MEX_B_1,,2007-05-10 - 2010-03-25,3,,,,
151,2006-06-22 - 2009-05-07,ITA_B_1 - MEX_B_1,,,2006-06-22 - 2009-05-07,ITA_B_1 - MEX_B_1,,2007-05-17 - 2010-04-01,2,,,,
152,2006-06-22 - 2009-05-07,NOR_B_1 - MEX_B_1,,,2006-06-22 - 2009-05-07,NOR_B_1 - MEX_B_1,,2007-05-24 - 2010-04-08,2,,,,
153,2006-06-22 - 2009-05-07,FRA_B_1 - NOR_B_1,,,2006-06-22 - 2009-05-07,FRA_B_1 - NOR_B_1,,2007-05-31 - 2010-04-15,2,,,,
154,2006-06-29 - 2009-05-14,USA_B_1 - GBR_B_1,,,2006-06-29 - 2009-05-14,USA_B_1 - GBR_B_1,,2007-06-07 - 2010-04-22,2,,,,
155,2006-06-29 - 2009-05-14,DEU_B_1 - MEX_B_1,,,2006-06-29 - 2009-05-14,DEU_B_1 - MEX_B_1,,2007-06-14 - 2010-04-29,2,,,,
156,2006-06-29 - 2009-05-14,FRA_B_1 - MEX_B_1,,,2006-06-29 - 2009-05-14,FRA_B_1 - MEX_B_1,,2007-06-21 - 2010-05-06,2,,,,
157,2006-06-29 - 2009-05-14,NOR_B_1 - MEX_B_1,,,2006-06-29 - 2009-05-14,NOR_B_1 - MEX_B_1,,2007-06-28 - 2010-05-13,2,,,,
158,2006-06-29 - 2009-05-14,FRA_B_1 - NOR_B_1,,,2006-06-29 - 2009-05-14,FRA_B_1 - NOR_B_1,,2007-07-05 - 2010-05-20,2,,,,
159,2006-07-06 - 2009-05-21,USA_B_1 - GBR_B_1,,,2006-07-06 - 2009-05-21,USA_B_1 - GBR_B_1,,2007-07-12 - 2010-05-27,2,,,,
160,2006-07-06 - 2009-05-21,DEU_B_1 - MEX_B_1,,,2006-07-06 - 2009-05-21,DEU_B_1 - MEX_B_1,,2007-07-19 - 2010-06-03,2,,,,
161,2006-07-06 - 2009-05-21,FRA_B_1 - MEX_B_1,,,2006-07-06 - 2009-05-21,FRA_B_1 - MEX_B_1,,2007-07-26 - 2010-06-10,2,,,,
162,2006-07-06 - 2009-05-21,NOR_B_1 - MEX_B_1,,,2006-07-06 - 2009-05-21,NOR_B_1 - MEX_B_1,,2007-08-02 - 2010-06-17,2,,,,
163,2006-07-06 - 2009-05-21,FRA_B_1 - NOR_B_1,,,2006-07-06 - 2009-05-21,FRA_B_1 - NOR_B_1,,2007-08-09 - 2010-06-24,2,,,,
164,2006-07-13 - 2009-05-28,USA_B_1 - GBR_B_1,,,2006-07-13 - 2009-05-28,USA_B_1 - GBR_B_1,,2007-08-16 - 2010-07-01,1,,,,
165,2006-07-13 - 2009-05-28,DEU_B_1 - MEX_B_1,,,2006-07-13 - 2009-05-28,DEU_B_1 - MEX_B_1,,2007-08-23 - 2010-07-08,1,,,,
166,2006-07-13 - 2009-05-28,FRA_B_1 - MEX_B_1,,,2006-07-13 - 2009-05-28,FRA_B_1 - MEX_B_1,,2007-08-30 - 2010-07-15,1,,,,
167,2006-07-13 - 2009-05-28,NOR_B_1 - MEX_B_1,,,2006-07-13 - 2009-05-28,NOR_B_1 - MEX_B_1,,2007-09-06 - 2010-07-22,1,,,,
168,2006-07-20 - 2009-06-04,USA_B_1 - GBR_B_1,,,2006-07-20 - 2009-06-04,USA_B_1 - GBR_B_1,,2007-09-13 - 2010-07-29,1,,,,
169,2006-07-20 - 2009-06-04,DEU_B_1 - MEX_B_1,,,2006-07-20 - 2009-06-04,DEU_B_1 - MEX_B_1,,2007-09-20 - 2010-08-05,1,,,,
170,2006-07-20 - 2009-06-04,FRA_B_1 - MEX_B_1,,,2006-07-20 - 2009-06-04,FRA_B_1 - MEX_B_1,,2007-09-27 - 2010-08-12,1,,,,
171,2006-07-20 - 2009-06-04,NOR_B_1 - MEX_B_1,,,2006-07-20 - 2009-06-04,NOR_B_1 - MEX_B_1,,2007-10-04 - 2010-08-19,1,,,,
172,2006-07-27 - 2009-06-11,USA_B_1 - GBR_B_1,,,2006-07-27 - 2009-06-11,USA_B_1 - GBR_B_1,,2007-10-11 - 2010-08-26,1,,,,
173,2006-07-27 - 2009-06-11,DEU_B_1 - MEX_B_1,,,2006-07-27 - 2009-06-11,DEU_B_1 - MEX_B_1,,2007-10-18 - 2010-09-02,1,,,,
174,2006-07-27 - 2009-06-11,FRA_B_1 - MEX_B_1,,,2006-07-27 - 2009-06-11,FRA_B_1 - MEX_B_1,,2007-10-25 - 2010-09-09,1,,,,
175,2006-07-27 - 2009-06-11,NOR_B_1 - MEX_B_1,,,2006-07-27 - 2009-06-11,NOR_B_1 - MEX_B_1,,2007-11-01 - 2010-09-16,1,,,,
176,2006-08-03 - 2009-06-18,DEU_B_1 - MEX_B_1,,,2006-08-03 - 2009-06-18,DEU_B_1 - MEX_B_1,,2007-11-08 - 2010-09-23,1,,,,
177,2006-08-03 - 2009-06-18,FRA_B_1 - MEX_B_1,,,2006-08-03 - 2009-06-18,FRA_B_1 - MEX_B_1,,2007-11-15 - 2010-09-30,1,,,,
178,2006-08-03 - 2009-06-18,NOR_B_1 - MEX_B_1,,,2006-08-03 - 2009-06-18,NOR_B_1 - MEX_B_1,,2007-11-22 - 2010-10-07,1,,,,
179,2006-08-10 - 2009-06-25,DEU_B_1 - MEX_B_1,,,2006-08-10 - 2009-06-25,DEU_B_1 - MEX_B_1,,2007-11-29 - 2010-10-14,1,,,,
180,2006-08-10 - 2009-06-25,FRA_B_1 - MEX_B_1,,,2006-08-10 - 2009-06-25,FRA_B_1 - MEX_B_1,,2007-12-06 - 2010-10-21,1,,,,
181,2006-08-10 - 2009-06-25,NOR_B_1 - MEX_B_1,,,2006-08-10 - 2009-06-25,NOR_B_1 - MEX_B_1,,2007-12-13 - 2010-10-28,2,,,,
182,2006-08-17 - 2009-07-02,USA_B_1 - GBR_B_1,,,2006-08-17 - 2009-07-02,USA_B_1 - GBR_B_1,,2007-12-20 - 2010-11-04,1,,,,
183,2006-08-17 - 2009-07-02,DEU_B_1 - MEX_B_1,,,2006-08-17 - 2009-07-02,DEU_B_1 - MEX_B_1,,2007-12-27 - 2010-11-11,1,,,,
184,2006-08-17 - 2009-07-02,FRA_B_1 - MEX_B_1,,,2006-08-17 - 2009-07-02,FRA_B_1 - MEX_B_1,,2008-01-03 - 2010-11-18,1,,,,
185,2006-08-17 - 2009-07-02,NOR_B_1 - MEX_B_1,,,2006-08-17 - 2009-07-02,NOR_B_1 - MEX_B_1,,2008-01-10 - 2010-11-25,1,,,,
186,2006-08-24 - 2009-07-09,DEU_B_1 - MEX_B_1,,,2006-08-24 - 2009-07-09,DEU_B_1 - MEX_B_1,,2008-01-17 - 2010-12-02,1,,,,
187,2006-08-24 - 2009-07-09,FRA_B_1 - MEX_B_1,,,2006-08-24 - 2009-07-09,FRA_B_1 - MEX_B_1,,2008-01-24 - 2010-12-09,1,,,,
188,2006-08-24 - 2009-07-09,NOR_B_1 - MEX_B_1,,,2006-08-24 - 2009-07-09,NOR_B_1 - MEX_B_1,,2008-01-31 - 2010-12-16,1,,,,
189,2006-08-31 - 2009-07-16,CHN_B_1 - MEX_B_1,,,2006-08-31 - 2009-07-16,CHN_B_1 - MEX_B_1,,2008-02-07 - 2010-12-23,1,,,,
190,2006-08-31 - 2009-07-16,DEU_B_1 - MEX_B_1,,,2006-08-31 - 2009-07-16,DEU_B_1 - MEX_B_1,,2008-02-14 - 2010-12-30,1,,,,
191,2006-08-31 - 2009-07-16,FRA_B_1 - MEX_B_1,,,2006-08-31 - 2009-07-16,FRA_B_1 - MEX_B_1,,2008-02-21 - 2011-01-06,1,,,,
192,2006-08-31 - 2009-07-16,NOR_B_1 - MEX_B_1,,,2006-08-31 - 2009-07-16,NOR_B_1 - MEX_B_1,,2008-02-28 - 2011-01-13,1,,,,
193,2006-09-07 - 2009-07-23,CHN_B_1 - MEX_B_1,,,2006-09-07 - 2009-07-23,CHN_B_1 - MEX_B_1,,2008-03-06 - 2011-01-20,1,,,,
194,2006-09-07 - 2009-07-23,DEU_B_1 - MEX_B_1,,,2006-09-07 - 2009-07-23,DEU_B_1 - MEX_B_1,,2008-03-13 - 2011-01-27,1,,,,
195,2006-09-07 - 2009-07-23,FRA_B_1 - MEX_B_1,,,2006-09-07 - 2009-07-23,FRA_B_1 - MEX_B_1,,2008-03-20 - 2011-02-03,1,,,,
196,2006-09-14 - 2009-07-30,DEU_B_1 - MEX_B_1,,,2006-09-14 - 2009-07-30,DEU_B_1 - MEX_B_1,,2008-03-27 - 2011-02-10,1,,,,
197,2006-09-14 - 2009-07-30,FRA_B_1 - MEX_B_1,,,2006-09-14 - 2009-07-30,FRA_B_1 - MEX_B_1,,2008-04-03 - 2011-02-17,1,,,,
198,2006-09-21 - 2009-08-06,DEU_B_1 - MEX_B_1,,,2006-09-21 - 2009-08-06,DEU_B_1 - MEX_B_1,,2008-04-10 - 2011-02-24,1,,,,
199,2006-09-21 - 2009-08-06,FRA_B_1 - MEX_B_1,,,2006-09-21 - 2009-08-06,FRA_B_1 - MEX_B_1,,2008-04-17 - 2011-03-03,1,,,,
200,2006-09-28 - 2009-08-13,DEU_B_1 - MEX_B_1,,,2006-09-28 - 2009-08-13,DEU_B_1 - MEX_B_1,,2008-04-24 - 2011-03-10,1,,,,
201,2006-09-28 - 2009-08-13,FRA_B_1 - MEX_B_1,,,2006-09-28 - 2009-08-13,FRA_B_1 - MEX_B_1,,2008-05-01 - 2011-03-17,1,,,,
202,2006-10-05 - 2009-08-20,DEU_B_1 - MEX_B_1,,,2006-10-05 - 2009-08-20,DEU_B_1 - MEX_B_1,,2008-05-08 - 2011-03-24,1,,,,
203,2006-10-05 - 2009-08-20,FRA_B_1 - MEX_B_1,,,2006-10-05 - 2009-08-20,FRA_B_1 - MEX_B_1,,2008-05-15 - 2011-03-31,1,,,,
204,2006-10-12 - 2009-08-27,DEU_B_1 - MEX_B_1,,,2006-10-12 - 2009-08-27,DEU_B_1 - MEX_B_1,,2008-05-22 - 2011-04-07,1,,,,
205,2006-10-12 - 2009-08-27,FRA_B_1 - MEX_B_1,,,2006-10-12 - 2009-08-27,FRA_B_1 - MEX_B_1,,2008-05-29 - 2011-04-14,1,,,,
206,2006-10-19 - 2009-09-03,DEU_B_1 - MEX_B_1,,,2006-10-19 - 2009-09-03,DEU_B_1 - MEX_B_1,,2008-06-05 - 2011-04-21,1,,,,
207,2006-10-19 - 2009-09-03,FRA_B_1 - MEX_B_1,,,2006-10-19 - 2009-09-03,FRA_B_1 - MEX_B_1,,2008-06-12 - 2011-04-28,1,,,,
208,2006-10-26 - 2009-09-10,DEU_B_1 - MEX_B_1,,,2006-10-26 - 2009-09-10,DEU_B_1 - MEX_B_1,,2008-06-19 - 2011-05-05,1,,,,
209,2006-10-26 - 2009-09-10,FRA_B_1 - MEX_B_1,,,2006-10-26 - 2009-09-10,FRA_B_1 - MEX_B_1,,2008-06-26 - 2011-05-12,1,,,,
210,2006-11-02 - 2009-09-17,DEU_B_1 - MEX_B_1,,,2006-11-02 - 2009-09-17,DEU_B_1 - MEX_B_1,,2008-07-03 - 2011-05-19,1,,,,
211,2006-11-02 - 2009-09-17,FRA_B_1 - MEX_B_1,,,2006-11-02 - 2009-09-17,FRA_B_1 - MEX_B_1,,2008-07-10 - 2011-05-26,1,,,,
212,2006-11-09 - 2009-09-24,DEU_B_1 - MEX_B_1,,,2006-11-09 - 2009-09-24,DEU_B_1 - MEX_B_1,,2008-07-17 - 2011-06-02,1,,,,
213,2006-11-09 - 2009-09-24,FRA_B_1 - MEX_B_1,,,2006-11-09 - 2009-09-24,FRA_B_1 - MEX_B_1,,2008-07-24 - 2011-06-09,1,,,,
214,2006-11-16 - 2009-10-01,DEU_B_1 - MEX_B_1,,,2006-11-16 - 2009-10-01,DEU_B_1 - MEX_B_1,,2008-07-31 - 2011-06-16,1,,,,
215,2006-11-16 - 2009-10-01,FRA_B_1 - MEX_B_1,,,2006-11-16 - 2009-10-01,FRA_B_1 - MEX_B_1,,2008-08-07 - 2011-06-23,1,,,,
216,2006-11-23 - 2009-10-08,DEU_B_1 - MEX_B_1,,,2006-11-23 - 2009-10-08,DEU_B_1 - MEX_B_1,,2008-08-14 - 2011-06-30,1,,,,
217,2006-11-23 - 2009-10-08,FRA_B_1 - MEX_B_1,,,2006-11-23 - 2009-10-08,FRA_B_1 - MEX_B_1,,2008-08-21 - 2011-07-07,1,,,,
218,2006-11-30 - 2009-10-15,DEU_B_1 - MEX_B_1,,,2006-11-30 - 2009-10-15,DEU_B_1 - MEX_B_1,,2008-08-28 - 2011-07-14,1,,,,
219,2006-11-30 - 2009-10-15,FRA_B_1 - MEX_B_1,,,2006-11-30 - 2009-10-15,FRA_B_1 - MEX_B_1,,2008-09-04 - 2011-07-21,1,,,,
220,2006-12-07 - 2009-10-22,DEU_B_1 - MEX_B_1,,,2006-12-07 - 2009-10-22,DEU_B_1 - MEX_B_1,,2008-09-11 - 2011-07-28,1,,,,
221,2006-12-07 - 2009-10-22,FRA_B_1 - MEX_B_1,,,2006-12-07 - 2009-10-22,FRA_B_1 - MEX_B_1,,2008-09-18 - 2011-08-04,1,,,,
222,2006-12-14 - 2009-10-29,DEU_B_1 - MEX_B_1,,,2006-12-14 - 2009-10-29,DEU_B_1 - MEX_B_1,,2008-09-25 - 2011-08-11,1,,,,
223,2006-12-14 - 2009-10-29,FRA_B_1 - MEX_B_1,,,2006-12-14 - 2009-10-29,FRA_B_1 - MEX_B_1,,2008-10-02 - 2011-08-18,1,,,,
224,2006-12-21 - 2009-11-05,DEU_B_1 - MEX_B_1,,,2006-12-21 - 2009-11-05,DEU_B_1 - MEX_B_1,,2008-10-09 - 2011-08-25,1,,,,
225,2006-12-21 - 2009-11-05,FRA_B_1 - MEX_B_1,,,2006-12-21 - 2009-11-05,FRA_B_1 - MEX_B_1,,2008-10-16 - 2011-09-01,1,,,,
226,2006-12-28 - 2009-11-12,DEU_B_1 - MEX_B_1,,,2006-12-28 - 2009-11-12,DEU_B_1 - MEX_B_1,,2008-10-23 - 2011-09-08,1,,,,
227,2006-12-28 - 2009-11-12,FRA_B_1 - MEX_B_1,,,2006-12-28 - 2009-11-12,FRA_B_1 - MEX_B_1,,2008-10-30 - 2011-09-15,1,,,,
228,2007-01-04 - 2009-11-19,DEU_B_1 - MEX_B_1,,,2007-01-04 - 2009-11-19,DEU_B_1 - MEX_B_1,,2008-11-06 - 2011-09-22,1,,,,
229,2007-01-04 - 2009-11-19,FRA_B_1 - MEX_B_1,,,2007-01-04 - 2009-11-19,FRA_B_1 - MEX_B_1,,2008-11-13 - 2011-09-29,1,,,,
230,2007-01-11 - 2009-11-26,DEU_B_1 - MEX_B_1,,,2007-01-11 - 2009-11-26,DEU_B_1 - MEX_B_1,,2008-11-20 - 2011-10-06,1,,,,
231,2007-01-11 - 2009-11-26,FRA_B_1 - MEX_B_1,,,2007-01-11 - 2009-11-26,FRA_B_1 - MEX_B_1,,2008-11-27 - 2011-10-13,1,,,,
232,2007-01-18 - 2009-12-03,DEU_B_1 - MEX_B_1,,,2007-01-18 - 2009-12-03,DEU_B_1 - MEX_B_1,,2008-12-04 - 2011-10-20,1,,,,
233,2007-01-18 - 2009-12-03,FRA_B_1 - MEX_B_1,,,2007-01-18 - 2009-12-03,FRA_B_1 - MEX_B_1,,2008-12-11 - 2011-10-27,1,,,,
234,2007-01-25 - 2009-12-10,DEU_B_1 - MEX_B_1,,,2007-01-25 - 2009-12-10,DEU_B_1 - MEX_B_1,,2008-12-18 - 2011-11-03,1,,,,
235,2007-01-25 - 2009-12-10,FRA_B_1 - MEX_B_1,,,2007-01-25 - 2009-12-10,FRA_B_1 - MEX_B_1,,2008-12-25 - 2011-11-10,1,,,,
236,2007-02-01 - 2009-12-17,DEU_B_1 - MEX_B_1,,,2007-02-01 - 2009-12-17,DEU_B_1 - MEX_B_1,,2009-01-01 - 2011-11-17,1,,,,
237,2007-02-01 - 2009-12-17,FRA_B_1 - MEX_B_1,,,2007-02-01 - 2009-12-17,FRA_B_1 - MEX_B_1,,2009-01-08 - 2011-11-24,1,,,,
238,2007-02-08 - 2009-12-24,DEU_B_1 - MEX_B_1,,,2007-02-08 - 2009-12-24,DEU_B_1 - MEX_B_1,,2009-01-15 - 2011-12-01,1,,,,
239,2007-02-08 - 2009-12-24,FRA_B_1 - MEX_B_1,,,2007-02-08 - 2009-12-24,FRA_B_1 - MEX_B_1,,2009-01-22 - 2011-12-08,1,,,,
240,2007-02-15 - 2009-12-31,JPN_B_1 - GBR_B_1,,,2007-02-15 - 2009-12-31,JPN_B_1 - GBR_B_1,,2009-01-29 - 2011-12-15,1,,,,
241,2007-02-15 - 2009-12-31,DEU_B_1 - MEX_B_1,,,2007-02-15 - 2009-12-31,DEU_B_1 - MEX_B_1,,2009-02-05 - 2011-12-22,1,,,,
242,2007-02-15 - 2009-12-31,FRA_B_1 - MEX_B_1,,,2007-02-15 - 2009-12-31,FRA_B_1 - MEX_B_1,,2009-02-12 - 2011-12-29,1,,,,
243,2007-02-15 - 2009-12-31,FRA_B_1 - NOR_B_1,,,2007-02-15 - 2009-12-31,FRA_B_1 - NOR_B_1,,2009-02-19 - 2012-01-05,1,,,,
244,2007-02-22 - 2010-01-07,JPN_B_1 - GBR_B_1,,,2007-02-22 - 2010-01-07,JPN_B_1 - GBR_B_1,,2009-02-26 - 2012-01-12,1,,,,
245,2007-02-22 - 2010-01-07,DEU_B_1 - MEX_B_1,,,2007-02-22 - 2010-01-07,DEU_B_1 - MEX_B_1,,2009-03-05 - 2012-01-19,1,,,,
246,2007-02-22 - 2010-01-07,FRA_B_1 - MEX_B_1,,,2007-02-22 - 2010-01-07,FRA_B_1 - MEX_B_1,,2009-03-12 - 2012-01-26,1,,,,
247,2007-03-01 - 2010-01-14,JPN_B_1 - GBR_B_1,,,2007-03-01 - 2010-01-14,JPN_B_1 - GBR_B_1,,2009-03-19 - 2012-02-02,1,,,,
248,2007-03-01 - 2010-01-14,DEU_B_1 - MEX_B_1,,,2007-03-01 - 2010-01-14,DEU_B_1 - MEX_B_1,,2009-03-26 - 2012-02-09,1,,,,
249,2007-03-01 - 2010-01-14,FRA_B_1 - MEX_B_1,,,2007-03-01 - 2010-01-14,FRA_B_1 - MEX_B_1,,2009-04-02 - 2012-02-16,1,,,,
250,2007-03-08 - 2010-01-21,JPN_B_1 - GBR_B_1,,,2007-03-08 - 2010-01-21,JPN_B_1 - GBR_B_1,,2009-04-09 - 2012-02-23,1,,,,
251,2007-03-08 - 2010-01-21,DEU_B_1 - MEX_B_1,,,2007-03-08 - 2010-01-21,DEU_B_1 - MEX_B_1,,2009-04-16 - 2012-03-01,1,,,,
252,2007-03-08 - 2010-01-21,FRA_B_1 - MEX_B_1,,,2007-03-08 - 2010-01-21,FRA_B_1 - MEX_B_1,,2009-04-23 - 2012-03-08,1,,,,
253,2007-03-15 - 2010-01-28,JPN_B_1 - GBR_B_1,,,2007-03-15 - 2010-01-28,JPN_B_1 - GBR_B_1,,2009-04-30 - 2012-03-15,1,,,,
254,2007-03-15 - 2010-01-28,DEU_B_1 - MEX_B_1,,,2007-03-15 - 2010-01-28,DEU_B_1 - MEX_B_1,,2009-05-07 - 2012-03-22,1,,,,
255,2007-03-15 - 2010-01-28,FRA_B_1 - MEX_B_1,,,2007-03-15 - 2010-01-28,FRA_B_1 - MEX_B_1,,2009-05-14 - 2012-03-29,1,,,,
256,2007-03-22 - 2010-02-04,JPN_B_1 - GBR_B_1,,,2007-03-22 - 2010-02-04,JPN_B_1 - GBR_B_1,,2009-05-21 - 2012-04-05,1,,,,
257,2007-03-22 - 2010-02-04,DEU_B_1 - MEX_B_1,,,2007-03-22 - 2010-02-04,DEU_B_1 - MEX_B_1,,2009-05-28 - 2012-04-12,1,,,,
258,2007-03-22 - 2010-02-04,FRA_B_1 - MEX_B_1,,,2007-03-22 - 2010-02-04,FRA_B_1 - MEX_B_1,,2009-06-04 - 2012-04-19,1,,,,
259,2007-03-29 - 2010-02-11,JPN_B_1 - GBR_B_1,,,2007-03-29 - 2010-02-11,JPN_B_1 - GBR_B_1,,2009-06-11 - 2012-04-26,1,,,,
260,2007-03-29 - 2010-02-11,DEU_B_1 - MEX_B_1,,,2007-03-29 - 2010-02-11,DEU_B_1 - MEX_B_1,,2009-06-18 - 2012-05-03,1,,,,
261,2007-03-29 - 2010-02-11,FRA_B_1 - MEX_B_1,,,2007-03-29 - 2010-02-11,FRA_B_1 - MEX_B_1,,2009-06-25 - 2012-05-10,1,,,,
262,2007-04-05 - 2010-02-18,JPN_B_1 - GBR_B_1,,,2007-04-05 - 2010-02-18,JPN_B_1 - GBR_B_1,,2009-07-02 - 2012-05-17,1,,,,
263,2007-04-05 - 2010-02-18,DEU_B_1 - MEX_B_1,,,2007-04-05 - 2010-02-18,DEU_B_1 - MEX_B_1,,2009-07-09 - 2012-05-24,1,,,,
264,2007-04-05 - 2010-02-18,FRA_B_1 - MEX_B_1,,,2007-04-05 - 2010-02-18,FRA_B_1 - MEX_B_1,,2009-07-16 - 2012-05-31,1,,,,
265,2007-04-12 - 2010-02-25,JPN_B_1 - GBR_B_1,,,2007-04-12 - 2010-02-25,JPN_B_1 - GBR_B_1,,2009-07-23 - 2012-06-07,1,,,,
266,2007-04-12 - 2010-02-25,CHN_B_1 - MEX_B_1,,,2007-04-12 - 2010-02-25,CHN_B_1 - MEX_B_1,,2009-07-30 - 2012-06-14,1,,,,
267,2007-04-12 - 2010-02-25,DEU_B_1 - MEX_B_1,,,2007-04-12 - 2010-02-25,DEU_B_1 - MEX_B_1,,2009-08-06 - 2012-06-21,1,,,,
268,2007-04-12 - 2010-02-25,FRA_B_1 - MEX_B_1,,,2007-04-12 - 2010-02-25,FRA_B_1 - MEX_B_1,,2009-08-13 - 2012-06-28,1,,,,
269,2007-04-19 - 2010-03-04,JPN_B_1 - GBR_B_1,,,2007-04-19 - 2010-03-04,JPN_B_1 - GBR_B_1,,2009-08-20 - 2012-07-05,1,,,,
270,2007-04-19 - 2010-03-04,CHN_B_1 - MEX_B_1,,,2007-04-19 - 2010-03-04,CHN_B_1 - MEX_B_1,,2009-08-27 - 2012-07-12,1,,,,
271,2007-04-19 - 2010-03-04,DEU_B_1 - MEX_B_1,,,2007-04-19 - 2010-03-04,DEU_B_1 - MEX_B_1,,2009-09-03 - 2012-07-19,1,,,,
272,2007-04-19 - 2010-03-04,FRA_B_1 - MEX_B_1,,,2007-04-19 - 2010-03-04,FRA_B_1 - MEX_B_1,,2009-09-10 - 2012-07-26,1,,,,
273,2007-04-26 - 2010-03-11,JPN_B_1 - GBR_B_1,,,2007-04-26 - 2010-03-11,JPN_B_1 - GBR_B_1,,2009-09-17 - 2012-08-02,2,,,,
274,2007-04-26 - 2010-03-11,CHN_B_1 - MEX_B_1,,,2007-04-26 - 2010-03-11,CHN_B_1 - MEX_B_1,,2009-09-24 - 2012-08-09,2,,,,
275,2007-04-26 - 2010-03-11,DEU_B_1 - MEX_B_1,,,2007-04-26 - 2010-03-11,DEU_B_1 - MEX_B_1,,2009-10-01 - 2012-08-16,1,,,,
276,2007-04-26 - 2010-03-11,FRA_B_1 - MEX_B_1,,,2007-04-26 - 2010-03-11,FRA_B_1 - MEX_B_1,,2009-10-08 - 2012-08-23,1,,,,
277,2007-05-03 - 2010-03-18,CHN_B_1 - MEX_B_1,,,2007-05-03 - 2010-03-18,CHN_B_1 - MEX_B_1,,2009-10-15 - 2012-08-30,1,,,,
278,2007-05-03 - 2010-03-18,DEU_B_1 - MEX_B_1,,,2007-05-03 - 2010-03-18,DEU_B_1 - MEX_B_1,,2009-10-22 - 2012-09-06,1,,,,
279,2007-05-03 - 2010-03-18,FRA_B_1 - MEX_B_1,,,2007-05-03 - 2010-03-18,FRA_B_1 - MEX_B_1,,2009-10-29 - 2012-09-13,1,,,,
280,2007-05-10 - 2010-03-25,CHN_B_1 - MEX_B_1,,,2007-05-10 - 2010-03-25,CHN_B_1 - MEX_B_1,,2009-11-05 - 2012-09-20,1,,,,
281,2007-05-10 - 2010-03-25,DEU_B_1 - MEX_B_1,,,2007-05-10 - 2010-03-25,DEU_B_1 - MEX_B_1,,2009-11-12 - 2012-09-27,1,,,,
282,2007-05-10 - 2010-03-25,FRA_B_1 - MEX_B_1,,,2007-05-10 - 2010-03-25,FRA_B_1 - MEX_B_1,,2009-11-19 - 2012-10-04,1,,,,
283,2007-05-17 - 2010-04-01,DEU_B_1 - MEX_B_1,,,2007-05-17 - 2010-04-01,DEU_B_1 - MEX_B_1,,2009-11-26 - 2012-10-11,1,,,,
284,2007-05-17 - 2010-04-01,FRA_B_1 - MEX_B_1,,,2007-05-17 - 2010-04-01,FRA_B_1 - MEX_B_1,,2009-12-03 - 2012-10-18,1,,,,
285,2007-05-24 - 2010-04-08,DEU_B_1 - MEX_B_1,,,2007-05-24 - 2010-04-08,DEU_B_1 - MEX_B_1,,2009-12-10 - 2012-10-25,1,,,,
286,2007-05-24 - 2010-04-08,FRA_B_1 - MEX_B_1,,,2007-05-24 - 2010-04-08,FRA_B_1 - MEX_B_1,,2009-12-17 - 2012-11-01,1,,,,
287,2007-05-31 - 2010-04-15,DEU_B_1 - MEX_B_1,,,2007-05-31 - 2010-04-15,DEU_B_1 - MEX_B_1,,2009-12-24 - 2012-11-08,1,,,,
288,2007-05-31 - 2010-04-15,FRA_B_1 - MEX_B_1,,,2007-05-31 - 2010-04-15,FRA_B_1 - MEX_B_1,,2009-12-31 - 2012-11-15,1,,,,
289,2007-06-07 - 2010-04-22,DEU_B_1 - MEX_B_1,,,2007-06-07 - 2010-04-22,DEU_B_1 - MEX_B_1,,2010-01-07 - 2012-11-22,1,,,,
290,2007-06-07 - 2010-04-22,FRA_B_1 - MEX_B_1,,,2007-06-07 - 2010-04-22,FRA_B_1 - MEX_B_1,,2010-01-14 - 2012-11-29,1,,,,
291,2007-06-14 - 2010-04-29,DEU_B_1 - MEX_B_1,,,2007-06-14 - 2010-04-29,DEU_B_1 - MEX_B_1,,2010-01-21 - 2012-12-06,1,,,,
292,2007-06-14 - 2010-04-29,FRA_B_1 - MEX_B_1,,,2007-06-14 - 2010-04-29,FRA_B_1 - MEX_B_1,,2010-01-28 - 2012-12-13,1,,,,
293,2007-06-21 - 2010-05-06,DEU_B_1 - MEX_B_1,,,2007-06-21 - 2010-05-06,DEU_B_1 - MEX_B_1,,2010-02-04 - 2012-12-20,1,,,,
294,2007-06-21 - 2010-05-06,FRA_B_1 - MEX_B_1,,,2007-06-21 - 2010-05-06,FRA_B_1 - MEX_B_1,,2010-02-11 - 2012-12-27,1,,,,
295,2007-06-28 - 2010-05-13,DEU_B_1 - MEX_B_1,,,2007-06-28 - 2010-05-13,DEU_B_1 - MEX_B_1,,2010-02-18 - 2013-01-03,1,,,,
296,2007-06-28 - 2010-05-13,FRA_B_1 - MEX_B_1,,,2007-06-28 - 2010-05-13,FRA_B_1 - MEX_B_1,,2010-02-25 - 2013-01-10,1,,,,
297,2007-07-05 - 2010-05-20,DEU_B_1 - MEX_B_1,,,2007-07-05 - 2010-05-20,DEU_B_1 - MEX_B_1,,2010-03-04 - 2013-01-17,1,,,,
298,2007-07-05 - 2010-05-20,FRA_B_1 - MEX_B_1,,,2007-07-05 - 2010-05-20,FRA_B_1 - MEX_B_1,,2010-03-11 - 2013-01-24,1,,,,
299,2007-07-12 - 2010-05-27,DEU_B_1 - MEX_B_1,,,2007-07-12 - 2010-05-27,DEU_B_1 - MEX_B_1,,2010-03-18 - 2013-01-31,1,,,,
300,2007-07-12 - 2010-05-27,FRA_B_1 - MEX_B_1,,,2007-07-12 - 2010-05-27,FRA_B_1 - MEX_B_1,,2010-03-25 - 2013-02-07,1,,,,
301,2007-07-19 - 2010-06-03,DEU_B_1 - MEX_B_1,,,2007-07-19 - 2010-06-03,DEU_B_1 - MEX_B_1,,2010-04-01 - 2013-02-14,1,,,,
302,2007-07-19 - 2010-06-03,FRA_B_1 - MEX_B_1,,,2007-07-19 - 2010-06-03,FRA_B_1 - MEX_B_1,,2010-04-08 - 2013-02-21,1,,,,
303,2007-07-26 - 2010-06-10,DEU_B_1 - MEX_B_1,,,2007-07-26 - 2010-06-10,DEU_B_1 - MEX_B_1,,2010-04-15 - 2013-02-28,1,,,,
304,2007-07-26 - 2010-06-10,FRA_B_1 - MEX_B_1,,,2007-07-26 - 2010-06-10,FRA_B_1 - MEX_B_1,,2010-04-22 - 2013-03-07,1,,,,
305,2007-08-02 - 2010-06-17,DEU_B_1 - MEX_B_1,,,2007-08-02 - 2010-06-17,DEU_B_1 - MEX_B_1,,2010-04-29 - 2013-03-14,1,,,,
306,2007-08-02 - 2010-06-17,FRA_B_1 - MEX_B_1,,,2007-08-02 - 2010-06-17,FRA_B_1 - MEX_B_1,,2010-05-06 - 2013-03-21,1,,,,
307,2007-08-09 - 2010-06-24,DEU_B_1 - MEX_B_1,,,2007-08-09 - 2010-06-24,DEU_B_1 - MEX_B_1,,2010-05-13 - 2013-03-28,1,,,,
308,2007-08-09 - 2010-06-24,FRA_B_1 - MEX_B_1,,,2007-08-09 - 2010-06-24,FRA_B_1 - MEX_B_1,,2010-05-20 - 2013-04-04,1,,,,
309,2007-08-16 - 2010-07-01,NOR_B_1 - MEX_B_1,,,2007-08-16 - 2010-07-01,NOR_B_1 - MEX_B_1,,2010-05-27 - 2013-04-11,1,,,,
310,2007-08-23 - 2010-07-08,NOR_B_1 - MEX_B_1,,,2007-08-23 - 2010-07-08,NOR_B_1 - MEX_B_1,,2010-06-03 - 2013-04-18,1,,,,
311,2007-08-30 - 2010-07-15,NOR_B_1 - MEX_B_1,,,2007-08-30 - 2010-07-15,NOR_B_1 - MEX_B_1,,2010-06-10 - 2013-04-25,1,,,,
312,2007-09-06 - 2010-07-22,NOR_B_1 - MEX_B_1,,,2007-09-06 - 2010-07-22,NOR_B_1 - MEX_B_1,,2010-06-17 - 2013-05-02,1,,,,
313,2007-09-13 - 2010-07-29,NOR_B_1 - MEX_B_1,,,2007-09-13 - 2010-07-29,NOR_B_1 - MEX_B_1,,2010-06-24 - 2013-05-09,1,,,,
314,2007-09-20 - 2010-08-05,NOR_B_1 - MEX_B_1,,,2007-09-20 - 2010-08-05,NOR_B_1 - MEX_B_1,,2010-07-01 - 2013-05-16,1,,,,
315,2007-09-27 - 2010-08-12,NOR_B_1 - MEX_B_1,,,2007-09-27 - 2010-08-12,NOR_B_1 - MEX_B_1,,2010-07-08 - 2013-05-23,1,,,,
316,2007-10-04 - 2010-08-19,NOR_B_1 - MEX_B_1,,,2007-10-04 - 2010-08-19,NOR_B_1 - MEX_B_1,,2010-07-15 - 2013-05-30,1,,,,
317,2007-10-11 - 2010-08-26,NOR_B_1 - MEX_B_1,,,2007-10-11 - 2010-08-26,NOR_B_1 - MEX_B_1,,2010-07-22 - 2013-06-06,1,,,,
318,2007-10-18 - 2010-09-02,NOR_B_1 - MEX_B_1,,,2007-10-18 - 2010-09-02,NOR_B_1 - MEX_B_1,,2010-07-29 - 2013-06-13,1,,,,
319,2007-10-25 - 2010-09-09,NOR_B_1 - MEX_B_1,,,2007-10-25 - 2010-09-09,NOR_B_1 - MEX_B_1,,2010-08-05 - 2013-06-20,1,,,,
320,2007-11-01 - 2010-09-16, - ,,,2007-11-01 - 2010-09-16, - ,,2010-08-12 - 2013-06-27,1,,,,
321,2007-11-08 - 2010-09-23, - ,,,2007-11-08 - 2010-09-23, - ,,2010-08-19 - 2013-07-04,1,,,,
322,2007-11-15 - 2010-09-30, - ,,,2007-11-15 - 2010-09-30, - ,,2010-08-26 - 2013-07-11,1,,,,
323,2007-11-22 - 2010-10-07, - ,,,2007-11-22 - 2010-10-07, - ,,2010-09-02 - 2013-07-18,1,,,,
324,2007-11-29 - 2010-10-14, - ,,,2007-11-29 - 2010-10-14, - ,,2010-09-09 - 2013-07-25,1,,,,
325,2007-12-06 - 2010-10-21,NOR_B_1 - MEX_B_1,,,2007-12-06 - 2010-10-21,NOR_B_1 - MEX_B_1,,2010-09-16 - 2013-08-01,1,,,,
326,2007-12-13 - 2010-10-28,USA_B_1 - CHE_B_1,,,2007-12-13 - 2010-10-28,USA_B_1 - CHE_B_1,,2010-09-23 - 2013-08-08,1,,,,
327,2007-12-13 - 2010-10-28,NOR_B_1 - MEX_B_1,,,2007-12-13 - 2010-10-28,NOR_B_1 - MEX_B_1,,2010-09-30 - 2013-08-15,1,,,,
328,2007-12-20 - 2010-11-04,NOR_B_1 - MEX_B_1,,,2007-12-20 - 2010-11-04,NOR_B_1 - MEX_B_1,,2010-10-07 - 2013-08-22,1,,,,
329,2007-12-27 - 2010-11-11,NOR_B_1 - MEX_B_1,,,2007-12-27 - 2010-11-11,NOR_B_1 - MEX_B_1,,2010-10-14 - 2013-08-29,1,,,,
330,2008-01-03 - 2010-11-18, - ,,,2008-01-03 - 2010-11-18, - ,,2010-10-21 - 2013-09-05,1,,,,
331,2008-01-10 - 2010-11-25, - ,,,2008-01-10 - 2010-11-25, - ,,2010-10-28 - 2013-09-12,1,,,,
332,2008-01-17 - 2010-12-02, - ,,,2008-01-17 - 2010-12-02, - ,,2010-11-04 - 2013-09-19,1,,,,
333,2008-01-24 - 2010-12-09,NOR_B_1 - MEX_B_1,,,2008-01-24 - 2010-12-09,NOR_B_1 - MEX_B_1,,2010-11-11 - 2013-09-26,1,,,,
334,2008-01-31 - 2010-12-16, - ,,,2008-01-31 - 2010-12-16, - ,,2010-11-18 - 2013-10-03,1,,,,
335,2008-02-07 - 2010-12-23, - ,,,2008-02-07 - 2010-12-23, - ,,2010-11-25 - 2013-10-10,1,,,,
336,2008-02-14 - 2010-12-30, - ,,,2008-02-14 - 2010-12-30, - ,,2010-12-02 - 2013-10-17,1,,,,
337,2008-02-21 - 2011-01-06, - ,,,2008-02-21 - 2011-01-06, - ,,2010-12-09 - 2013-10-24,1,,,,
338,2008-02-28 - 2011-01-13,NOR_B_1 - MEX_B_1,,,2008-02-28 - 2011-01-13,NOR_B_1 - MEX_B_1,,2010-12-16 - 2013-10-31,1,,,,
339,2008-03-06 - 2011-01-20,NOR_B_1 - MEX_B_1,,,2008-03-06 - 2011-01-20,NOR_B_1 - MEX_B_1,,2010-12-23 - 2013-11-07,1,,,,
340,2008-03-13 - 2011-01-27,NOR_B_1 - MEX_B_1,,,2008-03-13 - 2011-01-27,NOR_B_1 - MEX_B_1,,2010-12-30 - 2013-11-14,1,,,,
341,2008-03-20 - 2011-02-03, - ,,,2008-03-20 - 2011-02-03, - ,,2011-01-06 - 2013-11-21,1,,,,
342,2008-03-27 - 2011-02-10, - ,,,2008-03-27 - 2011-02-10, - ,,2011-01-13 - 2013-11-28,1,,,,
343,2008-04-03 - 2011-02-17,CHE_B_1 - USA_B_1,,,2008-04-03 - 2011-02-17,CHE_B_1 - USA_B_1,,2011-01-20 - 2013-12-05,1,,,,
344,2008-04-10 - 2011-02-24, - ,,,2008-04-10 - 2011-02-24, - ,,2011-01-27 - 2013-12-12,1,,,,
345,2008-04-17 - 2011-03-03, - ,,,2008-04-17 - 2011-03-03, - ,,2011-02-03 - 2013-12-19,1,,,,
346,2008-04-24 - 2011-03-10, - ,,,2008-04-24 - 2011-03-10, - ,,2011-02-10 - 2013-12-26,1,,,,
347,2008-05-01 - 2011-03-17, - ,,,2008-05-01 - 2011-03-17, - ,,2011-02-17 - 2014-01-02,1,,,,
348,2008-05-08 - 2011-03-24, - ,,,2008-05-08 - 2011-03-24, - ,,2011-02-24 - 2014-01-09,1,,,,
349,2008-05-15 - 2011-03-31, - ,,,2008-05-15 - 2011-03-31, - ,,2011-03-03 - 2014-01-16,1,,,,
350,2008-05-22 - 2011-04-07, - ,,,2008-05-22 - 2011-04-07, - ,,2011-03-10 - 2014-01-23,1,,,,
351,2008-05-29 - 2011-04-14, - ,,,2008-05-29 - 2011-04-14, - ,,2011-03-17 - 2014-01-30,1,,,,
352,2008-06-05 - 2011-04-21, - ,,,2008-06-05 - 2011-04-21, - ,,2011-03-24 - 2014-02-06,1,,,,
353,2008-06-12 - 2011-04-28, - ,,,2008-06-12 - 2011-04-28, - ,,2011-03-31 - 2014-02-13,1,,,,
354,2008-06-19 - 2011-05-05, - ,,,2008-06-19 - 2011-05-05, - ,,2011-04-07 - 2014-02-20,1,,,,
355,2008-06-26 - 2011-05-12, - ,,,2008-06-26 - 2011-05-12, - ,,2011-04-14 - 2014-02-27,1,,,,
356,2008-07-03 - 2011-05-19, - ,,,2008-07-03 - 2011-05-19, - ,,2011-04-21 - 2014-03-06,1,,,,
357,2008-07-10 - 2011-05-26, - ,,,2008-07-10 - 2011-05-26, - ,,2011-04-28 - 2014-03-13,1,,,,
358,2008-07-17 - 2011-06-02, - ,,,2008-07-17 - 2011-06-02, - ,,2011-05-05 - 2014-03-20,1,,,,
359,2008-07-24 - 2011-06-09, - ,,,2008-07-24 - 2011-06-09, - ,,2011-05-12 - 2014-03-27,1,,,,
360,2008-07-31 - 2011-06-16, - ,,,2008-07-31 - 2011-06-16, - ,,2011-05-19 - 2014-04-03,1,,,,
361,2008-08-07 - 2011-06-23, - ,,,2008-08-07 - 2011-06-23, - ,,2011-05-26 - 2014-04-10,1,,,,
362,2008-08-14 - 2011-06-30, - ,,,2008-08-14 - 2011-06-30, - ,,2011-06-02 - 2014-04-17,1,,,,
363,2008-08-21 - 2011-07-07, - ,,,2008-08-21 - 2011-07-07, - ,,2011-06-09 - 2014-04-24,1,,,,
364,2008-08-28 - 2011-07-14,FRA_B_1 - NOR_B_1,,,2008-08-28 - 2011-07-14,FRA_B_1 - NOR_B_1,,2011-06-16 - 2014-05-01,1,,,,
365,2008-09-04 - 2011-07-21, - ,,,2008-09-04 - 2011-07-21, - ,,2011-06-23 - 2014-05-08,1,,,,
366,2008-09-11 - 2011-07-28,NOR_B_1 - MEX_B_1,,,2008-09-11 - 2011-07-28,NOR_B_1 - MEX_B_1,,2011-06-30 - 2014-05-15,1,,,,
367,2008-09-18 - 2011-08-04,NOR_B_1 - MEX_B_1,,,2008-09-18 - 2011-08-04,NOR_B_1 - MEX_B_1,,2011-07-07 - 2014-05-22,1,,,,
368,2008-09-25 - 2011-08-11, - ,,,2008-09-25 - 2011-08-11, - ,,2011-07-14 - 2014-05-29,1,,,,
369,2008-10-02 - 2011-08-18, - ,,,2008-10-02 - 2011-08-18, - ,,2011-07-21 - 2014-06-05,1,,,,
370,2008-10-09 - 2011-08-25,NOR_B_1 - MEX_B_1,,,2008-10-09 - 2011-08-25,NOR_B_1 - MEX_B_1,,2011-07-28 - 2014-06-12,1,,,,
371,2008-10-16 - 2011-09-01,DEU_B_1 - FRA_B_1,,,2008-10-16 - 2011-09-01,DEU_B_1 - FRA_B_1,,2011-08-04 - 2014-06-19,1,,,,
372,2008-10-23 - 2011-09-08, - ,,,2008-10-23 - 2011-09-08, - ,,2011-08-11 - 2014-06-26,1,,,,
373,2008-10-30 - 2011-09-15, - ,,,2008-10-30 - 2011-09-15, - ,,2011-08-18 - 2014-07-03,1,,,,
374,2008-11-06 - 2011-09-22, - ,,,2008-11-06 - 2011-09-22, - ,,2011-08-25 - 2014-07-10,1,,,,
375,2008-11-13 - 2011-09-29, - ,,,2008-11-13 - 2011-09-29, - ,,2011-09-01 - 2014-07-17,1,,,,
376,2008-11-20 - 2011-10-06, - ,,,2008-11-20 - 2011-10-06, - ,,2011-09-08 - 2014-07-24,1,,,,
377,2008-11-27 - 2011-10-13, - ,,,2008-11-27 - 2011-10-13, - ,,2011-09-15 - 2014-07-31,1,,,,
378,2008-12-04 - 2011-10-20, - ,,,2008-12-04 - 2011-10-20, - ,,2011-09-22 - 2014-08-07,1,,,,
379,2008-12-11 - 2011-10-27, - ,,,2008-12-11 - 2011-10-27, - ,,2011-09-29 - 2014-08-14,1,,,,
380,2008-12-18 - 2011-11-03, - ,,,2008-12-18 - 2011-11-03, - ,,2011-10-06 - 2014-08-21,1,,,,
381,2008-12-25 - 2011-11-10, - ,,,2008-12-25 - 2011-11-10, - ,,2011-10-13 - 2014-08-28,1,,,,
382,2009-01-01 - 2011-11-17, - ,,,2009-01-01 - 2011-11-17, - ,,2011-10-20 - 2014-09-04,1,,,,
383,2009-01-08 - 2011-11-24, - ,,,2009-01-08 - 2011-11-24, - ,,2011-10-27 - 2014-09-11,1,,,,
384,2009-01-15 - 2011-12-01,DEU_B_1 - FRA_B_1,,,2009-01-15 - 2011-12-01,DEU_B_1 - FRA_B_1,,2011-11-03 - 2014-09-18,1,,,,
385,2009-01-22 - 2011-12-08, - ,,,2009-01-22 - 2011-12-08, - ,,2011-11-10 - 2014-09-25,1,,,,
386,2009-01-29 - 2011-12-15, - ,,,2009-01-29 - 2011-12-15, - ,,2011-11-17 - 2014-10-02,1,,,,
387,2009-02-05 - 2011-12-22, - ,,,2009-02-05 - 2011-12-22, - ,,2011-11-24 - 2014-10-09,1,,,,
388,2009-02-12 - 2011-12-29, - ,,,2009-02-12 - 2011-12-29, - ,,2011-12-01 - 2014-10-16,1,,,,
389,2009-02-19 - 2012-01-05, - ,,,2009-02-19 - 2012-01-05, - ,,2011-12-08 - 2014-10-23,1,,,,
390,2009-02-26 - 2012-01-12, - ,,,2009-02-26 - 2012-01-12, - ,,2011-12-15 - 2014-10-30,1,,,,
391,2009-03-05 - 2012-01-19, - ,,,2009-03-05 - 2012-01-19, - ,,2011-12-22 - 2014-11-06,1,,,,
392,2009-03-12 - 2012-01-26, - ,,,2009-03-12 - 2012-01-26, - ,,2011-12-29 - 2014-11-13,1,,,,
393,2009-03-19 - 2012-02-02, - ,,,2009-03-19 - 2012-02-02, - ,,2012-01-05 - 2014-11-20,1,,,,
394,2009-03-26 - 2012-02-09, - ,,,2009-03-26 - 2012-02-09, - ,,2012-01-12 - 2014-11-27,1,,,,
395,2009-04-02 - 2012-02-16, - ,,,2009-04-02 - 2012-02-16, - ,,2012-01-19 - 2014-12-04,1,,,,
396,2009-04-09 - 2012-02-23, - ,,,2009-04-09 - 2012-02-23, - ,,2012-01-26 - 2014-12-11,1,,,,
397,2009-04-16 - 2012-03-01, - ,,,2009-04-16 - 2012-03-01, - ,,2012-02-02 - 2014-12-18,1,,,,
398,2009-04-23 - 2012-03-08, - ,,,2009-04-23 - 2012-03-08, - ,,2012-02-09 - 2014-12-25,1,,,,
399,2009-04-30 - 2012-03-15, - ,,,2009-04-30 - 2012-03-15, - ,,2012-02-16 - 2015-01-01,1,,,,
400,2009-05-07 - 2012-03-22, - ,,,2009-05-07 - 2012-03-22, - ,,2012-02-23 - 2015-01-08,1,,,,
401,2009-05-14 - 2012-03-29, - ,,,2009-05-14 - 2012-03-29, - ,,2012-03-01 - 2015-01-15,1,,,,
402,2009-05-21 - 2012-04-05, - ,,,2009-05-21 - 2012-04-05, - ,,2012-03-08 - 2015-01-22,1,,,,
403,2009-05-28 - 2012-04-12, - ,,,2009-05-28 - 2012-04-12, - ,,2012-03-15 - 2015-01-29,1,,,,
404,2009-06-04 - 2012-04-19, - ,,,2009-06-04 - 2012-04-19, - ,,2012-03-22 - 2015-02-05,1,,,,
405,2009-06-11 - 2012-04-26, - ,,,2009-06-11 - 2012-04-26, - ,,2012-03-29 - 2015-02-12,1,,,,
406,2009-06-18 - 2012-05-03, - ,,,2009-06-18 - 2012-05-03, - ,,2012-04-05 - 2015-02-19,1,,,,
407,2009-06-25 - 2012-05-10, - ,,,2009-06-25 - 2012-05-10, - ,,2012-04-12 - 2015-02-26,1,,,,
408,2009-07-02 - 2012-05-17, - ,,,2009-07-02 - 2012-05-17, - ,,2012-04-19 - 2015-03-05,1,,,,
409,2009-07-09 - 2012-05-24, - ,,,2009-07-09 - 2012-05-24, - ,,2012-04-26 - 2015-03-12,1,,,,
410,2009-07-16 - 2012-05-31, - ,,,2009-07-16 - 2012-05-31, - ,,2012-05-03 - 2015-03-19,1,,,,
411,2009-07-23 - 2012-06-07, - ,,,2009-07-23 - 2012-06-07, - ,,2012-05-10 - 2015-03-26,1,,,,
412,2009-07-30 - 2012-06-14, - ,,,2009-07-30 - 2012-06-14, - ,,2012-05-17 - 2015-04-02,1,,,,
413,2009-08-06 - 2012-06-21, - ,,,2009-08-06 - 2012-06-21, - ,,2012-05-24 - 2015-04-09,1,,,,
414,2009-08-13 - 2012-06-28, - ,,,2009-08-13 - 2012-06-28, - ,,2012-05-31 - 2015-04-16,1,,,,
415,2009-08-20 - 2012-07-05, - ,,,2009-08-20 - 2012-07-05, - ,,2012-06-07 - 2015-04-23,1,,,,
416,2009-08-27 - 2012-07-12,CHN_B_1 - MEX_B_1,,,2009-08-27 - 2012-07-12,CHN_B_1 - MEX_B_1,,2012-06-14 - 2015-04-30,1,,,,
417,2009-09-03 - 2012-07-19,CHN_B_1 - MEX_B_1,,,2009-09-03 - 2012-07-19,CHN_B_1 - MEX_B_1,,2012-06-21 - 2015-05-07,1,,,,
418,2009-09-10 - 2012-07-26,CHN_B_1 - MEX_B_1,,,2009-09-10 - 2012-07-26,CHN_B_1 - MEX_B_1,,2012-06-28 - 2015-05-14,1,,,,
419,2009-09-17 - 2012-08-02,ITA_B_1 - FRA_B_1,,,2009-09-17 - 2012-08-02,ITA_B_1 - FRA_B_1,,2012-07-05 - 2015-05-21,1,,,,
420,2009-09-17 - 2012-08-02,CHN_B_1 - MEX_B_1,,,2009-09-17 - 2012-08-02,CHN_B_1 - MEX_B_1,,2012-07-12 - 2015-05-28,1,,,,
421,2009-09-24 - 2012-08-09,ITA_B_1 - FRA_B_1,,,2009-09-24 - 2012-08-09,ITA_B_1 - FRA_B_1,,2012-07-19 - 2015-06-04,1,,,,
422,2009-09-24 - 2012-08-09,CHN_B_1 - MEX_B_1,,,2009-09-24 - 2012-08-09,CHN_B_1 - MEX_B_1,,2012-07-26 - 2015-06-11,1,,,,
423,2009-10-01 - 2012-08-16, - ,,,2009-10-01 - 2012-08-16, - ,,2012-08-02 - 2015-06-18,1,,,,
424,2009-10-08 - 2012-08-23, - ,,,2009-10-08 - 2012-08-23, - ,,2012-08-09 - 2015-06-25,1,,,,
425,2009-10-15 - 2012-08-30, - ,,,2009-10-15 - 2012-08-30, - ,,2012-08-16 - 2015-07-02,1,,,,
426,2009-10-22 - 2012-09-06, - ,,,2009-10-22 - 2012-09-06, - ,,2012-08-23 - 2015-07-09,1,,,,
427,2009-10-29 - 2012-09-13, - ,,,2009-10-29 - 2012-09-13, - ,,2012-08-30 - 2015-07-16,1,,,,
428,2009-11-05 - 2012-09-20, - ,,,2009-11-05 - 2012-09-20, - ,,2012-09-06 - 2015-07-23,1,,,,
429,2009-11-12 - 2012-09-27, - ,,,2009-11-12 - 2012-09-27, - ,,2012-09-13 - 2015-07-30,1,,,,
430,2009-11-19 - 2012-10-04, - ,,,2009-11-19 - 2012-10-04, - ,,2012-09-20 - 2015-08-06,1,,,,
431,2009-11-26 - 2012-10-11, - ,,,2009-11-26 - 2012-10-11, - ,,2012-09-27 - 2015-08-13,1,,,,
432,2009-12-03 - 2012-10-18, - ,,,2009-12-03 - 2012-10-18, - ,,2012-10-04 - 2015-08-20,1,,,,
433,2009-12-10 - 2012-10-25, - ,,,2009-12-10 - 2012-10-25, - ,,2012-10-11 - 2015-08-27,1,,,,
434,2009-12-17 - 2012-11-01, - ,,,2009-12-17 - 2012-11-01, - ,,2012-10-18 - 2015-09-03,1,,,,
435,2009-12-24 - 2012-11-08, - ,,,2009-12-24 - 2012-11-08, - ,,2012-10-25 - 2015-09-10,1,,,,
436,2009-12-31 - 2012-11-15, - ,,,2009-12-31 - 2012-11-15, - ,,2012-11-01 - 2015-09-17,1,,,,
437,2010-01-07 - 2012-11-22, - ,,,2010-01-07 - 2012-11-22, - ,,2012-11-08 - 2015-09-24,1,,,,
438,2010-01-14 - 2012-11-29, - ,,,2010-01-14 - 2012-11-29, - ,,2012-11-15 - 2015-10-01,1,,,,
439,2010-01-21 - 2012-12-06, - ,,,2010-01-21 - 2012-12-06, - ,,2012-11-22 - 2015-10-08,1,,,,
440,2010-01-28 - 2012-12-13, - ,,,2010-01-28 - 2012-12-13, - ,,2012-11-29 - 2015-10-15,1,,,,
441,2010-02-04 - 2012-12-20, - ,,,2010-02-04 - 2012-12-20, - ,,2012-12-06 - 2015-10-22,1,,,,
442,2010-02-11 - 2012-12-27, - ,,,2010-02-11 - 2012-12-27, - ,,2012-12-13 - 2015-10-29,1,,,,
443,2010-02-18 - 2013-01-03, - ,,,2010-02-18 - 2013-01-03, - ,,2012-12-20 - 2015-11-05,1,,,,
444,2010-02-25 - 2013-01-10, - ,,,2010-02-25 - 2013-01-10, - ,,2012-12-27 - 2015-11-12,1,,,,
445,2010-03-04 - 2013-01-17, - ,,,2010-03-04 - 2013-01-17, - ,,2013-01-03 - 2015-11-19,1,,,,
446,2010-03-11 - 2013-01-24, - ,,,2010-03-11 - 2013-01-24, - ,,2013-01-10 - 2015-11-26,1,,,,
447,2010-03-18 - 2013-01-31, - ,,,2010-03-18 - 2013-01-31, - ,,2013-01-17 - 2015-12-03,1,,,,
448,2010-03-25 - 2013-02-07, - ,,,2010-03-25 - 2013-02-07, - ,,2013-01-24 - 2015-12-10,1,,,,
449,2010-04-01 - 2013-02-14, - ,,,2010-04-01 - 2013-02-14, - ,,2013-01-31 - 2015-12-17,1,,,,
450,2010-04-08 - 2013-02-21, - ,,,2010-04-08 - 2013-02-21, - ,,2013-02-07 - 2015-12-24,1,,,,
451,2010-04-15 - 2013-02-28, - ,,,2010-04-15 - 2013-02-28, - ,,2013-02-14 - 2015-12-31,1,,,,
452,2010-04-22 - 2013-03-07, - ,,,2010-04-22 - 2013-03-07, - ,,2013-02-21 - 2016-01-07,1,,,,
453,2010-04-29 - 2013-03-14, - ,,,2010-04-29 - 2013-03-14, - ,,2013-02-28 - 2016-01-14,1,,,,
454,2010-05-06 - 2013-03-21, - ,,,2010-05-06 - 2013-03-21, - ,,2013-03-07 - 2016-01-21,1,,,,
455,2010-05-13 - 2013-03-28, - ,,,2010-05-13 - 2013-03-28, - ,,2013-03-14 - 2016-01-28,1,,,,
456,2010-05-20 - 2013-04-04, - ,,,2010-05-20 - 2013-04-04, - ,,2013-03-21 - 2016-02-04,1,,,,
457,2010-05-27 - 2013-04-11, - ,,,2010-05-27 - 2013-04-11, - ,,2013-03-28 - 2016-02-11,1,,,,
458,2010-06-03 - 2013-04-18, - ,,,2010-06-03 - 2013-04-18, - ,,2013-04-04 - 2016-02-18,1,,,,
459,2010-06-10 - 2013-04-25, - ,,,2010-06-10 - 2013-04-25, - ,,2013-04-11 - 2016-02-25,1,,,,
460,2010-06-17 - 2013-05-02, - ,,,2010-06-17 - 2013-05-02, - ,,2013-04-18 - 2016-03-03,1,,,,
461,2010-06-24 - 2013-05-09, - ,,,2010-06-24 - 2013-05-09, - ,,2013-04-25 - 2016-03-10,1,,,,
462,2010-07-01 - 2013-05-16, - ,,,2010-07-01 - 2013-05-16, - ,,2013-05-02 - 2016-03-17,1,,,,
463,2010-07-08 - 2013-05-23,MEX_B_1 - USA_B_1,,,2010-07-08 - 2013-05-23,MEX_B_1 - USA_B_1,,2013-05-09 - 2016-03-24,1,,,,
464,2010-07-15 - 2013-05-30,MEX_B_1 - USA_B_1,,,2010-07-15 - 2013-05-30,MEX_B_1 - USA_B_1,,2013-05-16 - 2016-03-31,1,,,,
465,2010-07-22 - 2013-06-06,MEX_B_1 - USA_B_1,,,2010-07-22 - 2013-06-06,MEX_B_1 - USA_B_1,,2013-05-23 - 2016-04-07,1,,,,
466,2010-07-29 - 2013-06-13, - ,,,2010-07-29 - 2013-06-13, - ,,2013-05-30 - 2016-04-14,1,,,,
467,2010-08-05 - 2013-06-20, - ,,,2010-08-05 - 2013-06-20, - ,,2013-06-06 - 2016-04-21,1,,,,
468,2010-08-12 - 2013-06-27, - ,,,2010-08-12 - 2013-06-27, - ,,2013-06-13 - 2016-04-28,1,,,,
469,2010-08-19 - 2013-07-04, - ,,,2010-08-19 - 2013-07-04, - ,,2013-06-20 - 2016-05-05,1,,,,
470,2010-08-26 - 2013-07-11, - ,,,2010-08-26 - 2013-07-11, - ,,2013-06-27 - 2016-05-12,1,,,,
471,2010-09-02 - 2013-07-18, - ,,,2010-09-02 - 2013-07-18, - ,,2013-07-04 - 2016-05-19,1,,,,
472,2010-09-09 - 2013-07-25, - ,,,2010-09-09 - 2013-07-25, - ,,2013-07-11 - 2016-05-26,1,,,,
473,2010-09-16 - 2013-08-01, - ,,,2010-09-16 - 2013-08-01, - ,,2013-07-18 - 2016-06-02,1,,,,
474,2010-09-23 - 2013-08-08, - ,,,2010-09-23 - 2013-08-08, - ,,2013-07-25 - 2016-06-09,1,,,,
475,2010-09-30 - 2013-08-15, - ,,,2010-09-30 - 2013-08-15, - ,,2013-08-01 - 2016-06-16,1,,,,
476,2010-10-07 - 2013-08-22, - ,,,2010-10-07 - 2013-08-22, - ,,2013-08-08 - 2016-06-23,1,,,,
477,2010-10-14 - 2013-08-29, - ,,,2010-10-14 - 2013-08-29, - ,,2013-08-15 - 2016-06-30,1,,,,
478,2010-10-21 - 2013-09-05, - ,,,2010-10-21 - 2013-09-05, - ,,2013-08-22 - 2016-07-07,1,,,,
479,2010-10-28 - 2013-09-12, - ,,,2010-10-28 - 2013-09-12, - ,,2013-08-29 - 2016-07-14,1,,,,
480,2010-11-04 - 2013-09-19, - ,,,2010-11-04 - 2013-09-19, - ,,2013-09-05 - 2016-07-21,1,,,,
481,2010-11-11 - 2013-09-26, - ,,,2010-11-11 - 2013-09-26, - ,,2013-09-12 - 2016-07-28,1,,,,
482,2010-11-18 - 2013-10-03, - ,,,2010-11-18 - 2013-10-03, - ,,2013-09-19 - 2016-08-04,1,,,,
483,2010-11-25 - 2013-10-10,NOR_B_1 - JPN_B_1,,,2010-11-25 - 2013-10-10,NOR_B_1 - JPN_B_1,,2013-09-26 - 2016-08-11,1,,,,
484,2010-12-02 - 2013-10-17,NOR_B_1 - JPN_B_1,,,2010-12-02 - 2013-10-17,NOR_B_1 - JPN_B_1,,2013-10-03 - 2016-08-18,1,,,,
485,2010-12-09 - 2013-10-24,NOR_B_1 - JPN_B_1,,,2010-12-09 - 2013-10-24,NOR_B_1 - JPN_B_1,,2013-10-10 - 2016-08-25,1,,,,
486,2010-12-16 - 2013-10-31, - ,,,2010-12-16 - 2013-10-31, - ,,2013-10-17 - 2016-09-01,1,,,,
487,2010-12-23 - 2013-11-07, - ,,,2010-12-23 - 2013-11-07, - ,,2013-10-24 - 2016-09-08,1,,,,
488,2010-12-30 - 2013-11-14,CHN_B_1 - MEX_B_1,,,2010-12-30 - 2013-11-14,CHN_B_1 - MEX_B_1,,2013-10-31 - 2016-09-15,1,,,,
489,2011-01-06 - 2013-11-21,CHN_B_1 - MEX_B_1,,,2011-01-06 - 2013-11-21,CHN_B_1 - MEX_B_1,,2013-11-07 - 2016-09-22,1,,,,
490,2011-01-13 - 2013-11-28,CHN_B_1 - MEX_B_1,,,2011-01-13 - 2013-11-28,CHN_B_1 - MEX_B_1,,2013-11-14 - 2016-09-29,1,,,,
491,2011-01-20 - 2013-12-05,CHN_B_1 - MEX_B_1,,,2011-01-20 - 2013-12-05,CHN_B_1 - MEX_B_1,,2013-11-21 - 2016-10-06,1,,,,
492,2011-01-27 - 2013-12-12, - ,,,2011-01-27 - 2013-12-12, - ,,2013-11-28 - 2016-10-13,1,,,,
493,2011-02-03 - 2013-12-19, - ,,,2011-02-03 - 2013-12-19, - ,,2013-12-05 - 2016-10-20,1,,,,
494,2011-02-10 - 2013-12-26, - ,,,2011-02-10 - 2013-12-26, - ,,2013-12-12 - 2016-10-27,1,,,,
495,2011-02-17 - 2014-01-02, - ,,,2011-02-17 - 2014-01-02, - ,,2013-12-19 - 2016-11-03,1,,,,
496,2011-02-24 - 2014-01-09, - ,,,2011-02-24 - 2014-01-09, - ,,2013-12-26 - 2016-11-10,1,,,,
497,2011-03-03 - 2014-01-16, - ,,,2011-03-03 - 2014-01-16, - ,,2014-01-02 - 2016-11-17,1,,,,
498,2011-03-10 - 2014-01-23, - ,,,2011-03-10 - 2014-01-23, - ,,2014-01-09 - 2016-11-24,1,,,,
499,2011-03-17 - 2014-01-30, - ,,,2011-03-17 - 2014-01-30, - ,,2014-01-16 - 2016-12-01,1,,,,
500,2011-03-24 - 2014-02-06, - ,,,2011-03-24 - 2014-02-06, - ,,2014-01-23 - 2016-12-08,1,,,,
501,2011-03-31 - 2014-02-13, - ,,,2011-03-31 - 2014-02-13, - ,,2014-01-30 - 2016-12-15,1,,,,
502,2011-04-07 - 2014-02-20, - ,,,2011-04-07 - 2014-02-20, - ,,2014-02-06 - 2016-12-22,1,,,,
503,2011-04-14 - 2014-02-27, - ,,,2011-04-14 - 2014-02-27, - ,,2014-02-13 - 2016-12-29,1,,,,
504,2011-04-21 - 2014-03-06,CAN_B_1 - GBR_B_1,,,2011-04-21 - 2014-03-06,CAN_B_1 - GBR_B_1,,2014-02-20 - 2017-01-05,1,,,,
505,2011-04-28 - 2014-03-13, - ,,,2011-04-28 - 2014-03-13, - ,,2014-02-27 - 2017-01-12,1,,,,
506,2011-05-05 - 2014-03-20, - ,,,2011-05-05 - 2014-03-20, - ,,2014-03-06 - 2017-01-19,1,,,,
507,2011-05-12 - 2014-03-27, - ,,,2011-05-12 - 2014-03-27, - ,,2014-03-13 - 2017-01-26,1,,,,
508,2011-05-19 - 2014-04-03, - ,,,2011-05-19 - 2014-04-03, - ,,2014-03-20 - 2017-02-02,1,,,,
509,2011-05-26 - 2014-04-10, - ,,,2011-05-26 - 2014-04-10, - ,,2014-03-27 - 2017-02-09,1,,,,
510,2011-06-02 - 2014-04-17, - ,,,2011-06-02 - 2014-04-17, - ,,2014-04-03 - 2017-02-16,1,,,,
511,2011-06-09 - 2014-04-24, - ,,,2011-06-09 - 2014-04-24, - ,,2014-04-10 - 2017-02-23,1,,,,
512,2011-06-16 - 2014-05-01, - ,,,2011-06-16 - 2014-05-01, - ,,2014-04-17 - 2017-03-02,1,,,,
513,2011-06-23 - 2014-05-08, - ,,,2011-06-23 - 2014-05-08, - ,,2014-04-24 - 2017-03-09,1,,,,
514,2011-06-30 - 2014-05-15, - ,,,2011-06-30 - 2014-05-15, - ,,2014-05-01 - 2017-03-16,1,,,,
515,2011-07-07 - 2014-05-22, - ,,,2011-07-07 - 2014-05-22, - ,,2014-05-08 - 2017-03-23,1,,,,
516,2011-07-14 - 2014-05-29, - ,,,2011-07-14 - 2014-05-29, - ,,2014-05-15 - 2017-03-30,1,,,,
517,2011-07-21 - 2014-06-05, - ,,,2011-07-21 - 2014-06-05, - ,,2014-05-22 - 2017-04-06,1,,,,
518,2011-07-28 - 2014-06-12, - ,,,2011-07-28 - 2014-06-12, - ,,2014-05-29 - 2017-04-13,1,,,,
519,2011-08-04 - 2014-06-19, - ,,,2011-08-04 - 2014-06-19, - ,,2014-06-05 - 2017-04-20,1,,,,
520,2011-08-11 - 2014-06-26, - ,,,2011-08-11 - 2014-06-26, - ,,2014-06-12 - 2017-04-27,1,,,,
521,2011-08-18 - 2014-07-03, - ,,,2011-08-18 - 2014-07-03, - ,,2014-06-19 - 2017-05-04,1,,,,
522,2011-08-25 - 2014-07-10, - ,,,2011-08-25 - 2014-07-10, - ,,2014-06-26 - 2017-05-11,1,,,,
523,2011-09-01 - 2014-07-17, - ,,,2011-09-01 - 2014-07-17, - ,,2014-07-03 - 2017-05-18,1,,,,
524,2011-09-08 - 2014-07-24, - ,,,2011-09-08 - 2014-07-24, - ,,2014-07-10 - 2017-05-25,1,,,,
525,2011-09-15 - 2014-07-31, - ,,,2011-09-15 - 2014-07-31, - ,,2014-07-17 - 2017-06-01,1,,,,
526,2011-09-22 - 2014-08-07, - ,,,2011-09-22 - 2014-08-07, - ,,2014-07-24 - 2017-06-08,1,,,,
527,2011-09-29 - 2014-08-14, - ,,,2011-09-29 - 2014-08-14, - ,,2014-07-31 - 2017-06-15,1,,,,
528,2011-10-06 - 2014-08-21, - ,,,2011-10-06 - 2014-08-21, - ,,2014-08-07 - 2017-06-22,1,,,,
529,2011-10-13 - 2014-08-28, - ,,,2011-10-13 - 2014-08-28, - ,,2014-08-14 - 2017-06-29,1,,,,
530,2011-10-20 - 2014-09-04, - ,,,2011-10-20 - 2014-09-04, - ,,2014-08-21 - 2017-07-06,1,,,,
531,2011-10-27 - 2014-09-11, - ,,,2011-10-27 - 2014-09-11, - ,,2014-08-28 - 2017-07-13,1,,,,
532,2011-11-03 - 2014-09-18, - ,,,2011-11-03 - 2014-09-18, - ,,2014-09-04 - 2017-07-20,1,,,,
533,2011-11-10 - 2014-09-25, - ,,,2011-11-10 - 2014-09-25, - ,,2014-09-11 - 2017-07-27,1,,,,
534,2011-11-17 - 2014-10-02, - ,,,2011-11-17 - 2014-10-02, - ,,2014-09-18 - 2017-08-03,1,,,,
535,2011-11-24 - 2014-10-09, - ,,,2011-11-24 - 2014-10-09, - ,,2014-09-25 - 2017-08-10,1,,,,
536,2011-12-01 - 2014-10-16, - ,,,2011-12-01 - 2014-10-16, - ,,2014-10-02 - 2017-08-17,1,,,,
537,2011-12-08 - 2014-10-23, - ,,,2011-12-08 - 2014-10-23, - ,,2014-10-09 - 2017-08-24,1,,,,
538,2011-12-15 - 2014-10-30, - ,,,2011-12-15 - 2014-10-30, - ,,2014-10-16 - 2017-08-31,1,,,,
539,2011-12-22 - 2014-11-06, - ,,,2011-12-22 - 2014-11-06, - ,,2014-10-23 - 2017-09-07,1,,,,
540,2011-12-29 - 2014-11-13, - ,,,2011-12-29 - 2014-11-13, - ,,2014-10-30 - 2017-09-14,1,,,,
541,2012-01-05 - 2014-11-20, - ,,,2012-01-05 - 2014-11-20, - ,,2014-11-06 - 2017-09-21,1,,,,
542,2012-01-12 - 2014-11-27, - ,,,2012-01-12 - 2014-11-27, - ,,2014-11-13 - 2017-09-28,1,,,,
543,2012-01-19 - 2014-12-04, - ,,,2012-01-19 - 2014-12-04, - ,,2014-11-20 - 2017-10-05,1,,,,
544,2012-01-26 - 2014-12-11, - ,,,2012-01-26 - 2014-12-11, - ,,2014-11-27 - 2017-10-12,1,,,,
545,2012-02-02 - 2014-12-18, - ,,,2012-02-02 - 2014-12-18, - ,,2014-12-04 - 2017-10-19,1,,,,
546,2012-02-09 - 2014-12-25, - ,,,2012-02-09 - 2014-12-25, - ,,2014-12-11 - 2017-10-26,1,,,,
547,2012-02-16 - 2015-01-01, - ,,,2012-02-16 - 2015-01-01, - ,,2014-12-18 - 2017-11-02,1,,,,
548,2012-02-23 - 2015-01-08, - ,,,2012-02-23 - 2015-01-08, - ,,2014-12-25 - 2017-11-09,1,,,,
549,2012-03-01 - 2015-01-15, - ,,,2012-03-01 - 2015-01-15, - ,,2015-01-01 - 2017-11-16,1,,,,
550,2012-03-08 - 2015-01-22, - ,,,2012-03-08 - 2015-01-22, - ,,2015-01-08 - 2017-11-23,1,,,,
551,2012-03-15 - 2015-01-29, - ,,,2012-03-15 - 2015-01-29, - ,,2015-01-15 - 2017-11-30,1,,,,
552,2012-03-22 - 2015-02-05, - ,,,2012-03-22 - 2015-02-05, - ,,2015-01-22 - 2017-12-07,1,,,,
553,2012-03-29 - 2015-02-12, - ,,,2012-03-29 - 2015-02-12, - ,,2015-01-29 - 2017-12-14,1,,,,
554,2012-04-05 - 2015-02-19, - ,,,2012-04-05 - 2015-02-19, - ,,2015-02-05 - 2017-12-21,1,,,,
555,2012-04-12 - 2015-02-26, - ,,,2012-04-12 - 2015-02-26, - ,,2015-02-12 - 2017-12-28,1,,,,
556,2012-04-19 - 2015-03-05, - ,,,2012-04-19 - 2015-03-05, - ,,2015-02-19 - 2018-01-04,1,,,,
557,2012-04-26 - 2015-03-12, - ,,,2012-04-26 - 2015-03-12, - ,,2015-02-26 - 2018-01-11,1,,,,
558,2012-05-03 - 2015-03-19,FRA_B_1 - AUS_B_1,,,2012-05-03 - 2015-03-19,FRA_B_1 - AUS_B_1,,2015-03-05 - 2018-01-18,1,,,,
559,2012-05-10 - 2015-03-26,FRA_B_1 - AUS_B_1,,,2012-05-10 - 2015-03-26,FRA_B_1 - AUS_B_1,,2015-03-12 - 2018-01-25,1,,,,
560,2012-05-17 - 2015-04-02,FRA_B_1 - AUS_B_1,,,2012-05-17 - 2015-04-02,FRA_B_1 - AUS_B_1,,2015-03-19 - 2018-02-01,1,,,,
561,2012-05-24 - 2015-04-09,FRA_B_1 - AUS_B_1,,,2012-05-24 - 2015-04-09,FRA_B_1 - AUS_B_1,,2015-03-26 - 2018-02-08,1,,,,
562,2012-05-31 - 2015-04-16,FRA_B_1 - AUS_B_1,,,2012-05-31 - 2015-04-16,FRA_B_1 - AUS_B_1,,2015-04-02 - 2018-02-15,1,,,,
563,2012-06-07 - 2015-04-23,FRA_B_1 - AUS_B_1,,,2012-06-07 - 2015-04-23,FRA_B_1 - AUS_B_1,,2015-04-09 - 2018-02-22,1,,,,
564,2012-06-14 - 2015-04-30,FRA_B_1 - AUS_B_1,,,2012-06-14 - 2015-04-30,FRA_B_1 - AUS_B_1,,2015-04-16 - 2018-03-01,1,,,,
565,2012-06-21 - 2015-05-07, - ,,,2012-06-21 - 2015-05-07, - ,,2015-04-23 - 2018-03-08,1,,,,
566,2012-06-28 - 2015-05-14, - ,,,2012-06-28 - 2015-05-14, - ,,2015-04-30 - 2018-03-15,1,,,,
567,2012-07-05 - 2015-05-21, - ,,,2012-07-05 - 2015-05-21, - ,,2015-05-07 - 2018-03-22,1,,,,
568,2012-07-12 - 2015-05-28, - ,,,2012-07-12 - 2015-05-28, - ,,2015-05-14 - 2018-03-29,1,,,,
569,2012-07-19 - 2015-06-04, - ,,,2012-07-19 - 2015-06-04, - ,,2015-05-21 - 2018-04-05,1,,,,
570,2012-07-26 - 2015-06-11, - ,,,2012-07-26 - 2015-06-11, - ,,2015-05-28 - 2018-04-12,1,,,,
571,2012-08-02 - 2015-06-18, - ,,,2012-08-02 - 2015-06-18, - ,,2015-06-04 - 2018-04-19,1,,,,
572,2012-08-09 - 2015-06-25, - ,,,2012-08-09 - 2015-06-25, - ,,2015-06-11 - 2018-04-26,1,,,,
573,2012-08-16 - 2015-07-02, - ,,,2012-08-16 - 2015-07-02, - ,,2015-06-18 - 2018-05-03,1,,,,
574,2012-08-23 - 2015-07-09, - ,,,2012-08-23 - 2015-07-09, - ,,2015-06-25 - 2018-05-10,1,,,,
575,2012-08-30 - 2015-07-16, - ,,,2012-08-30 - 2015-07-16, - ,,2015-07-02 - 2018-05-17,1,,,,
576,2012-09-06 - 2015-07-23, - ,,,2012-09-06 - 2015-07-23, - ,,2015-07-09 - 2018-05-24,1,,,,
577,2012-09-13 - 2015-07-30, - ,,,2012-09-13 - 2015-07-30, - ,,2015-07-16 - 2018-05-31,1,,,,
578,2012-09-20 - 2015-08-06, - ,,,2012-09-20 - 2015-08-06, - ,,2015-07-23 - 2018-06-07,1,,,,
579,2012-09-27 - 2015-08-13, - ,,,2012-09-27 - 2015-08-13, - ,,2015-07-30 - 2018-06-14,1,,,,
580,2012-10-04 - 2015-08-20, - ,,,2012-10-04 - 2015-08-20, - ,,2015-08-06 - 2018-06-21,1,,,,
581,2012-10-11 - 2015-08-27, - ,,,2012-10-11 - 2015-08-27, - ,,2015-08-13 - 2018-06-28,1,,,,
582,2012-10-18 - 2015-09-03, - ,,,2012-10-18 - 2015-09-03, - ,,2015-08-20 - 2018-07-05,1,,,,
583,2012-10-25 - 2015-09-10, - ,,,2012-10-25 - 2015-09-10, - ,,2015-08-27 - 2018-07-12,1,,,,
584,2012-11-01 - 2015-09-17, - ,,,2012-11-01 - 2015-09-17, - ,,2015-09-03 - 2018-07-19,1,,,,
585,2012-11-08 - 2015-09-24, - ,,,2012-11-08 - 2015-09-24, - ,,2015-09-10 - 2018-07-26,1,,,,
586,2012-11-15 - 2015-10-01, - ,,,2012-11-15 - 2015-10-01, - ,,2015-09-17 - 2018-08-02,1,,,,
587,2012-11-22 - 2015-10-08, - ,,,2012-11-22 - 2015-10-08, - ,,2015-09-24 - 2018-08-09,1,,,,
588,2012-11-29 - 2015-10-15, - ,,,2012-11-29 - 2015-10-15, - ,,2015-10-01 - 2018-08-16,1,,,,
589,2012-12-06 - 2015-10-22, - ,,,2012-12-06 - 2015-10-22, - ,,2015-10-08 - 2018-08-23,1,,,,
590,2012-12-13 - 2015-10-29, - ,,,2012-12-13 - 2015-10-29, - ,,2015-10-15 - 2018-08-30,1,,,,
591,2012-12-20 - 2015-11-05, - ,,,2012-12-20 - 2015-11-05, - ,,2015-10-22 - 2018-09-06,1,,,,
592,2012-12-27 - 2015-11-12, - ,,,2012-12-27 - 2015-11-12, - ,,2015-10-29 - 2018-09-13,1,,,,
593,2013-01-03 - 2015-11-19, - ,,,2013-01-03 - 2015-11-19, - ,,2015-11-05 - 2018-09-20,1,,,,
594,2013-01-10 - 2015-11-26, - ,,,2013-01-10 - 2015-11-26, - ,,2015-11-12 - 2018-09-27,1,,,,
595,2013-01-17 - 2015-12-03, - ,,,2013-01-17 - 2015-12-03, - ,,2015-11-19 - 2018-10-04,1,,,,
596,2013-01-24 - 2015-12-10, - ,,,2013-01-24 - 2015-12-10, - ,,2015-11-26 - 2018-10-11,1,,,,
597,2013-01-31 - 2015-12-17, - ,,,2013-01-31 - 2015-12-17, - ,,2015-12-03 - 2018-10-18,1,,,,
598,2013-02-07 - 2015-12-24, - ,,,2013-02-07 - 2015-12-24, - ,,2015-12-10 - 2018-10-25,1,,,,
599,2013-02-14 - 2015-12-31, - ,,,2013-02-14 - 2015-12-31, - ,,2015-12-17 - 2018-11-01,1,,,,
600,2013-02-21 - 2016-01-07,JPN_B_1 - CHE_B_1,,,2013-02-21 - 2016-01-07,JPN_B_1 - CHE_B_1,,2015-12-24 - 2018-11-08,2,,,,
601,2013-02-28 - 2016-01-14,JPN_B_1 - CHE_B_1,,,2013-02-28 - 2016-01-14,JPN_B_1 - CHE_B_1,,2015-12-31 - 2018-11-15,1,,,,
602,2013-03-07 - 2016-01-21, - ,,,2013-03-07 - 2016-01-21, - ,,2016-01-07 - 2018-11-22,2,,,,
603,2013-03-14 - 2016-01-28, - ,,,2013-03-14 - 2016-01-28, - ,,2016-01-14 - 2018-11-29,2,,,,
604,2013-03-21 - 2016-02-04, - ,,,2013-03-21 - 2016-02-04, - ,,2016-01-21 - 2018-12-06,2,,,,
605,2013-03-28 - 2016-02-11, - ,,,2013-03-28 - 2016-02-11, - ,,2016-01-28 - 2018-12-13,1,,,,
606,2013-04-04 - 2016-02-18, - ,,,2013-04-04 - 2016-02-18, - ,,2016-02-04 - 2018-12-20,1,,,,
607,2013-04-11 - 2016-02-25, - ,,,2013-04-11 - 2016-02-25, - ,,2016-02-11 - 2018-12-27,1,,,,
608,2013-04-18 - 2016-03-03, - ,,,2013-04-18 - 2016-03-03, - ,,2016-02-18 - 2019-01-03,1,,,,
609,2013-04-25 - 2016-03-10, - ,,,2013-04-25 - 2016-03-10, - ,,2016-02-25 - 2019-01-10,1,,,,
610,2013-05-02 - 2016-03-17, - ,,,2013-05-02 - 2016-03-17, - ,,2016-03-03 - 2019-01-17,1,,,,
611,2013-05-09 - 2016-03-24, - ,,,2013-05-09 - 2016-03-24, - ,,2016-03-10 - 2019-01-24,1,,,,
612,2013-05-16 - 2016-03-31, - ,,,2013-05-16 - 2016-03-31, - ,,2016-03-17 - 2019-01-31,1,,,,
613,2013-05-23 - 2016-04-07, - ,,,2013-05-23 - 2016-04-07, - ,,2016-03-24 - 2019-02-07,1,,,,
614,2013-05-30 - 2016-04-14, - ,,,2013-05-30 - 2016-04-14, - ,,2016-03-31 - 2019-02-14,1,,,,
615,2013-06-06 - 2016-04-21, - ,,,2013-06-06 - 2016-04-21, - ,,2016-04-07 - 2019-02-21,1,,,,
616,2013-06-13 - 2016-04-28, - ,,,2013-06-13 - 2016-04-28, - ,,2016-04-14 - 2019-02-28,1,,,,
617,2013-06-20 - 2016-05-05, - ,,,2013-06-20 - 2016-05-05, - ,,2016-04-21 - 2019-03-07,1,,,,
618,2013-06-27 - 2016-05-12, - ,,,2013-06-27 - 2016-05-12, - ,,2016-04-28 - 2019-03-14,1,,,,
619,2013-07-04 - 2016-05-19, - ,,,2013-07-04 - 2016-05-19, - ,,2016-05-05 - 2019-03-21,1,,,,
620,2013-07-11 - 2016-05-26, - ,,,2013-07-11 - 2016-05-26, - ,,2016-05-12 - 2019-03-28,1,,,,
621,2013-07-18 - 2016-06-02, - ,,,2013-07-18 - 2016-06-02, - ,,2016-05-19 - 2019-04-04,1,,,,
622,2013-07-25 - 2016-06-09, - ,,,2013-07-25 - 2016-06-09, - ,,2016-05-26 - 2019-04-11,1,,,,
623,2013-08-01 - 2016-06-16, - ,,,2013-08-01 - 2016-06-16, - ,,2016-06-02 - 2019-04-18,1,,,,
624,2013-08-08 - 2016-06-23, - ,,,2013-08-08 - 2016-06-23, - ,,2016-06-09 - 2019-04-25,1,,,,
625,2013-08-15 - 2016-06-30, - ,,,2013-08-15 - 2016-06-30, - ,,2016-06-16 - 2019-05-02,1,,,,
626,2013-08-22 - 2016-07-07,JPN_B_1 - MEX_B_1,,,2013-08-22 - 2016-07-07,JPN_B_1 - MEX_B_1,,2016-06-23 - 2019-05-09,1,,,,
627,2013-08-29 - 2016-07-14,JPN_B_1 - MEX_B_1,,,2013-08-29 - 2016-07-14,JPN_B_1 - MEX_B_1,,2016-06-30 - 2019-05-16,1,,,,
628,2013-09-05 - 2016-07-21,JPN_B_1 - MEX_B_1,,,2013-09-05 - 2016-07-21,JPN_B_1 - MEX_B_1,,2016-07-07 - 2019-05-23,1,,,,
629,2013-09-12 - 2016-07-28,JPN_B_1 - MEX_B_1,,,2013-09-12 - 2016-07-28,JPN_B_1 - MEX_B_1,,2016-07-14 - 2019-05-30,1,,,,
630,2013-09-19 - 2016-08-04, - ,,,2013-09-19 - 2016-08-04, - ,,2016-07-21 - 2019-06-06,1,,,,
631,2013-09-26 - 2016-08-11, - ,,,2013-09-26 - 2016-08-11, - ,,2016-07-28 - 2019-06-13,1,,,,
632,2013-10-03 - 2016-08-18, - ,,,2013-10-03 - 2016-08-18, - ,,2016-08-04 - 2019-06-20,2,,,,
633,2013-10-10 - 2016-08-25, - ,,,2013-10-10 - 2016-08-25, - ,,2016-08-11 - 2019-06-27,1,,,,
634,2013-10-17 - 2016-09-01, - ,,,2013-10-17 - 2016-09-01, - ,,2016-08-18 - 2019-07-04,1,,,,
635,2013-10-24 - 2016-09-08, - ,,,2013-10-24 - 2016-09-08, - ,,2016-08-25 - 2019-07-11,1,,,,
636,2013-10-31 - 2016-09-15, - ,,,2013-10-31 - 2016-09-15, - ,,2016-09-01 - 2019-07-18,2,,,,
637,2013-11-07 - 2016-09-22, - ,,,2013-11-07 - 2016-09-22, - ,,2016-09-08 - 2019-07-25,1,,,,
638,2013-11-14 - 2016-09-29, - ,,,2013-11-14 - 2016-09-29, - ,,2016-09-15 - 2019-08-01,1,,,,
639,2013-11-21 - 2016-10-06, - ,,,2013-11-21 - 2016-10-06, - ,,2016-09-22 - 2019-08-08,2,,,,
640,2013-11-28 - 2016-10-13, - ,,,2013-11-28 - 2016-10-13, - ,,2016-09-29 - 2019-08-15,1,,,,
641,2013-12-05 - 2016-10-20, - ,,,2013-12-05 - 2016-10-20, - ,,2016-10-06 - 2019-08-22,1,,,,
642,2013-12-12 - 2016-10-27, - ,,,2013-12-12 - 2016-10-27, - ,,2016-10-13 - 2019-08-29,2,,,,
643,2013-12-19 - 2016-11-03, - ,,,2013-12-19 - 2016-11-03, - ,,2016-10-20 - 2019-09-05,2,,,,
644,2013-12-26 - 2016-11-10, - ,,,2013-12-26 - 2016-11-10, - ,,2016-10-27 - 2019-09-12,1,,,,
645,2014-01-02 - 2016-11-17, - ,,,2014-01-02 - 2016-11-17, - ,,2016-11-03 - 2019-09-19,1,,,,
646,2014-01-09 - 2016-11-24, - ,,,2014-01-09 - 2016-11-24, - ,,2016-11-10 - 2019-09-26,1,,,,
647,2014-01-16 - 2016-12-01, - ,,,2014-01-16 - 2016-12-01, - ,,2016-11-17 - 2019-10-03,1,,,,
648,2014-01-23 - 2016-12-08, - ,,,2014-01-23 - 2016-12-08, - ,,2016-11-24 - 2019-10-10,2,,,,
649,2014-01-30 - 2016-12-15, - ,,,2014-01-30 - 2016-12-15, - ,,2016-12-01 - 2019-10-17,1,,,,
650,2014-02-06 - 2016-12-22, - ,,,2014-02-06 - 2016-12-22, - ,,2016-12-08 - 2019-10-24,1,,,,
651,2014-02-13 - 2016-12-29, - ,,,2014-02-13 - 2016-12-29, - ,,2016-12-15 - 2019-10-31,1,,,,
652,2014-02-20 - 2017-01-05, - ,,,2014-02-20 - 2017-01-05, - ,,2016-12-22 - 2019-11-07,1,,,,
653,2014-02-27 - 2017-01-12, - ,,,2014-02-27 - 2017-01-12, - ,,2016-12-29 - 2019-11-14,1,,,,
654,2014-03-06 - 2017-01-19, - ,,,2014-03-06 - 2017-01-19, - ,,2017-01-05 - 2019-11-21,1,,,,
655,2014-03-13 - 2017-01-26, - ,,,2014-03-13 - 2017-01-26, - ,,2017-01-12 - 2019-11-28,1,,,,
656,2014-03-20 - 2017-02-02, - ,,,2014-03-20 - 2017-02-02, - ,,2017-01-19 - 2019-12-05,1,,,,
657,2014-03-27 - 2017-02-09, - ,,,2014-03-27 - 2017-02-09, - ,,2017-01-26 - 2019-12-12,1,,,,
658,2014-04-03 - 2017-02-16, - ,,,2014-04-03 - 2017-02-16, - ,,2017-02-02 - 2019-12-19,1,,,,
659,2014-04-10 - 2017-02-23, - ,,,2014-04-10 - 2017-02-23, - ,,2017-02-09 - 2019-12-26,1,,,,
660,2014-04-17 - 2017-03-02, - ,,,2014-04-17 - 2017-03-02, - ,,Grand Total,817,,,,
661,2014-04-24 - 2017-03-09, - ,,,2014-04-24 - 2017-03-09, - ,,,,,,,
662,2014-05-01 - 2017-03-16, - ,,,2014-05-01 - 2017-03-16, - ,,,,,,,
663,2014-05-08 - 2017-03-23,MEX_B_1 - CHN_B_1,,,2014-05-08 - 2017-03-23,MEX_B_1 - CHN_B_1,,,,,,,
664,2014-05-15 - 2017-03-30, - ,,,2014-05-15 - 2017-03-30, - ,,,,,,,
665,2014-05-22 - 2017-04-06, - ,,,2014-05-22 - 2017-04-06, - ,,,,,,,
666,2014-05-29 - 2017-04-13, - ,,,2014-05-29 - 2017-04-13, - ,,,,,,,
667,2014-06-05 - 2017-04-20, - ,,,2014-06-05 - 2017-04-20, - ,,,,,,,
668,2014-06-12 - 2017-04-27, - ,,,2014-06-12 - 2017-04-27, - ,,,,,,,
669,2014-06-19 - 2017-05-04, - ,,,2014-06-19 - 2017-05-04, - ,,,,,,,
670,2014-06-26 - 2017-05-11, - ,,,2014-06-26 - 2017-05-11, - ,,,,,,,
671,2014-07-03 - 2017-05-18, - ,,,2014-07-03 - 2017-05-18, - ,,,,,,,
672,2014-07-10 - 2017-05-25, - ,,,2014-07-10 - 2017-05-25, - ,,,,,,,
673,2014-07-17 - 2017-06-01, - ,,,2014-07-17 - 2017-06-01, - ,,,,,,,
674,2014-07-24 - 2017-06-08, - ,,,2014-07-24 - 2017-06-08, - ,,,,,,,
675,2014-07-31 - 2017-06-15, - ,,,2014-07-31 - 2017-06-15, - ,,,,,,,
676,2014-08-07 - 2017-06-22, - ,,,2014-08-07 - 2017-06-22, - ,,,,,,,
677,2014-08-14 - 2017-06-29, - ,,,2014-08-14 - 2017-06-29, - ,,,,,,,
678,2014-08-21 - 2017-07-06, - ,,,2014-08-21 - 2017-07-06, - ,,,,,,,
679,2014-08-28 - 2017-07-13, - ,,,2014-08-28 - 2017-07-13, - ,,,,,,,
680,2014-09-04 - 2017-07-20, - ,,,2014-09-04 - 2017-07-20, - ,,,,,,,
681,2014-09-11 - 2017-07-27, - ,,,2014-09-11 - 2017-07-27, - ,,,,,,,
682,2014-09-18 - 2017-08-03, - ,,,2014-09-18 - 2017-08-03, - ,,,,,,,
683,2014-09-25 - 2017-08-10, - ,,,2014-09-25 - 2017-08-10, - ,,,,,,,
684,2014-10-02 - 2017-08-17, - ,,,2014-10-02 - 2017-08-17, - ,,,,,,,
685,2014-10-09 - 2017-08-24, - ,,,2014-10-09 - 2017-08-24, - ,,,,,,,
686,2014-10-16 - 2017-08-31, - ,,,2014-10-16 - 2017-08-31, - ,,,,,,,
687,2014-10-23 - 2017-09-07, - ,,,2014-10-23 - 2017-09-07, - ,,,,,,,
688,2014-10-30 - 2017-09-14, - ,,,2014-10-30 - 2017-09-14, - ,,,,,,,
689,2014-11-06 - 2017-09-21, - ,,,2014-11-06 - 2017-09-21, - ,,,,,,,
690,2014-11-13 - 2017-09-28, - ,,,2014-11-13 - 2017-09-28, - ,,,,,,,
691,2014-11-20 - 2017-10-05, - ,,,2014-11-20 - 2017-10-05, - ,,,,,,,
692,2014-11-27 - 2017-10-12, - ,,,2014-11-27 - 2017-10-12, - ,,,,,,,
693,2014-12-04 - 2017-10-19,MEX_B_1 - JPN_B_1,,,2014-12-04 - 2017-10-19,MEX_B_1 - JPN_B_1,,,,,,,
694,2014-12-11 - 2017-10-26,MEX_B_1 - JPN_B_1,,,2014-12-11 - 2017-10-26,MEX_B_1 - JPN_B_1,,,,,,,
695,2014-12-18 - 2017-11-02,MEX_B_1 - JPN_B_1,,,2014-12-18 - 2017-11-02,MEX_B_1 - JPN_B_1,,,,,,,
696,2014-12-25 - 2017-11-09,MEX_B_1 - JPN_B_1,,,2014-12-25 - 2017-11-09,MEX_B_1 - JPN_B_1,,,,,,,
697,2015-01-01 - 2017-11-16,MEX_B_1 - JPN_B_1,,,2015-01-01 - 2017-11-16,MEX_B_1 - JPN_B_1,,,,,,,
698,2015-01-08 - 2017-11-23,MEX_B_1 - JPN_B_1,,,2015-01-08 - 2017-11-23,MEX_B_1 - JPN_B_1,,,,,,,
699,2015-01-15 - 2017-11-30,MEX_B_1 - JPN_B_1,,,2015-01-15 - 2017-11-30,MEX_B_1 - JPN_B_1,,,,,,,
700,2015-01-22 - 2017-12-07, - ,,,2015-01-22 - 2017-12-07, - ,,,,,,,
701,2015-01-29 - 2017-12-14, - ,,,2015-01-29 - 2017-12-14, - ,,,,,,,
702,2015-02-05 - 2017-12-21, - ,,,2015-02-05 - 2017-12-21, - ,,,,,,,
703,2015-02-12 - 2017-12-28, - ,,,2015-02-12 - 2017-12-28, - ,,,,,,,
704,2015-02-19 - 2018-01-04, - ,,,2015-02-19 - 2018-01-04, - ,,,,,,,
705,2015-02-26 - 2018-01-11, - ,,,2015-02-26 - 2018-01-11, - ,,,,,,,
706,2015-03-05 - 2018-01-18, - ,,,2015-03-05 - 2018-01-18, - ,,,,,,,
707,2015-03-12 - 2018-01-25, - ,,,2015-03-12 - 2018-01-25, - ,,,,,,,
708,2015-03-19 - 2018-02-01, - ,,,2015-03-19 - 2018-02-01, - ,,,,,,,
709,2015-03-26 - 2018-02-08, - ,,,2015-03-26 - 2018-02-08, - ,,,,,,,
710,2015-04-02 - 2018-02-15, - ,,,2015-04-02 - 2018-02-15, - ,,,,,,,
711,2015-04-09 - 2018-02-22, - ,,,2015-04-09 - 2018-02-22, - ,,,,,,,
712,2015-04-16 - 2018-03-01, - ,,,2015-04-16 - 2018-03-01, - ,,,,,,,
713,2015-04-23 - 2018-03-08, - ,,,2015-04-23 - 2018-03-08, - ,,,,,,,
714,2015-04-30 - 2018-03-15, - ,,,2015-04-30 - 2018-03-15, - ,,,,,,,
715,2015-05-07 - 2018-03-22, - ,,,2015-05-07 - 2018-03-22, - ,,,,,,,
716,2015-05-14 - 2018-03-29, - ,,,2015-05-14 - 2018-03-29, - ,,,,,,,
717,2015-05-21 - 2018-04-05, - ,,,2015-05-21 - 2018-04-05, - ,,,,,,,
718,2015-05-28 - 2018-04-12, - ,,,2015-05-28 - 2018-04-12, - ,,,,,,,
719,2015-06-04 - 2018-04-19, - ,,,2015-06-04 - 2018-04-19, - ,,,,,,,
720,2015-06-11 - 2018-04-26,MEX_B_1 - JPN_B_1,,,2015-06-11 - 2018-04-26,MEX_B_1 - JPN_B_1,,,,,,,
721,2015-06-18 - 2018-05-03, - ,,,2015-06-18 - 2018-05-03, - ,,,,,,,
722,2015-06-25 - 2018-05-10, - ,,,2015-06-25 - 2018-05-10, - ,,,,,,,
723,2015-07-02 - 2018-05-17, - ,,,2015-07-02 - 2018-05-17, - ,,,,,,,
724,2015-07-09 - 2018-05-24, - ,,,2015-07-09 - 2018-05-24, - ,,,,,,,
725,2015-07-16 - 2018-05-31, - ,,,2015-07-16 - 2018-05-31, - ,,,,,,,
726,2015-07-23 - 2018-06-07, - ,,,2015-07-23 - 2018-06-07, - ,,,,,,,
727,2015-07-30 - 2018-06-14, - ,,,2015-07-30 - 2018-06-14, - ,,,,,,,
728,2015-08-06 - 2018-06-21,MEX_B_1 - JPN_B_1,,,2015-08-06 - 2018-06-21,MEX_B_1 - JPN_B_1,,,,,,,
729,2015-08-13 - 2018-06-28,MEX_B_1 - JPN_B_1,,,2015-08-13 - 2018-06-28,MEX_B_1 - JPN_B_1,,,,,,,
730,2015-08-20 - 2018-07-05,MEX_B_1 - JPN_B_1,,,2015-08-20 - 2018-07-05,MEX_B_1 - JPN_B_1,,,,,,,
731,2015-08-27 - 2018-07-12,MEX_B_1 - JPN_B_1,,,2015-08-27 - 2018-07-12,MEX_B_1 - JPN_B_1,,,,,,,
732,2015-09-03 - 2018-07-19,MEX_B_1 - JPN_B_1,,,2015-09-03 - 2018-07-19,MEX_B_1 - JPN_B_1,,,,,,,
733,2015-09-10 - 2018-07-26,MEX_B_1 - JPN_B_1,,,2015-09-10 - 2018-07-26,MEX_B_1 - JPN_B_1,,,,,,,
734,2015-09-17 - 2018-08-02,MEX_B_1 - JPN_B_1,,,2015-09-17 - 2018-08-02,MEX_B_1 - JPN_B_1,,,,,,,
735,2015-09-24 - 2018-08-09, - ,,,2015-09-24 - 2018-08-09, - ,,,,,,,
736,2015-10-01 - 2018-08-16, - ,,,2015-10-01 - 2018-08-16, - ,,,,,,,
737,2015-10-08 - 2018-08-23, - ,,,2015-10-08 - 2018-08-23, - ,,,,,,,
738,2015-10-15 - 2018-08-30, - ,,,2015-10-15 - 2018-08-30, - ,,,,,,,
739,2015-10-22 - 2018-09-06, - ,,,2015-10-22 - 2018-09-06, - ,,,,,,,
740,2015-10-29 - 2018-09-13, - ,,,2015-10-29 - 2018-09-13, - ,,,,,,,
741,2015-11-05 - 2018-09-20, - ,,,2015-11-05 - 2018-09-20, - ,,,,,,,
742,2015-11-12 - 2018-09-27, - ,,,2015-11-12 - 2018-09-27, - ,,,,,,,
743,2015-11-19 - 2018-10-04,MEX_B_1 - JPN_B_1,,,2015-11-19 - 2018-10-04,MEX_B_1 - JPN_B_1,,,,,,,
744,2015-11-26 - 2018-10-11,MEX_B_1 - JPN_B_1,,,2015-11-26 - 2018-10-11,MEX_B_1 - JPN_B_1,,,,,,,
745,2015-12-03 - 2018-10-18,MEX_B_1 - JPN_B_1,,,2015-12-03 - 2018-10-18,MEX_B_1 - JPN_B_1,,,,,,,
746,2015-12-10 - 2018-10-25,MEX_B_1 - JPN_B_1,,,2015-12-10 - 2018-10-25,MEX_B_1 - JPN_B_1,,,,,,,
747,2015-12-17 - 2018-11-01, - ,,,2015-12-17 - 2018-11-01, - ,,,,,,,
748,2015-12-24 - 2018-11-08,CHN_B_1 - AUS_B_1,,,2015-12-24 - 2018-11-08,CHN_B_1 - AUS_B_1,,,,,,,
749,2015-12-24 - 2018-11-08,MEX_B_1 - JPN_B_1,,,2015-12-24 - 2018-11-08,MEX_B_1 - JPN_B_1,,,,,,,
750,2015-12-31 - 2018-11-15,MEX_B_1 - JPN_B_1,,,2015-12-31 - 2018-11-15,MEX_B_1 - JPN_B_1,,,,,,,
751,2016-01-07 - 2018-11-22,CHN_B_1 - AUS_B_1,,,2016-01-07 - 2018-11-22,CHN_B_1 - AUS_B_1,,,,,,,
752,2016-01-07 - 2018-11-22,MEX_B_1 - JPN_B_1,,,2016-01-07 - 2018-11-22,MEX_B_1 - JPN_B_1,,,,,,,
753,2016-01-14 - 2018-11-29,CHN_B_1 - AUS_B_1,,,2016-01-14 - 2018-11-29,CHN_B_1 - AUS_B_1,,,,,,,
754,2016-01-14 - 2018-11-29,MEX_B_1 - JPN_B_1,,,2016-01-14 - 2018-11-29,MEX_B_1 - JPN_B_1,,,,,,,
755,2016-01-21 - 2018-12-06,CHN_B_1 - AUS_B_1,,,2016-01-21 - 2018-12-06,CHN_B_1 - AUS_B_1,,,,,,,
756,2016-01-21 - 2018-12-06,MEX_B_1 - JPN_B_1,,,2016-01-21 - 2018-12-06,MEX_B_1 - JPN_B_1,,,,,,,
757,2016-01-28 - 2018-12-13,MEX_B_1 - JPN_B_1,,,2016-01-28 - 2018-12-13,MEX_B_1 - JPN_B_1,,,,,,,
758,2016-02-04 - 2018-12-20,MEX_B_1 - JPN_B_1,,,2016-02-04 - 2018-12-20,MEX_B_1 - JPN_B_1,,,,,,,
759,2016-02-11 - 2018-12-27, - ,,,2016-02-11 - 2018-12-27, - ,,,,,,,
760,2016-02-18 - 2019-01-03, - ,,,2016-02-18 - 2019-01-03, - ,,,,,,,
761,2016-02-25 - 2019-01-10, - ,,,2016-02-25 - 2019-01-10, - ,,,,,,,
762,2016-03-03 - 2019-01-17, - ,,,2016-03-03 - 2019-01-17, - ,,,,,,,
763,2016-03-10 - 2019-01-24, - ,,,2016-03-10 - 2019-01-24, - ,,,,,,,
764,2016-03-17 - 2019-01-31,NOR_B_1 - JPN_B_1,,,2016-03-17 - 2019-01-31,NOR_B_1 - JPN_B_1,,,,,,,
765,2016-03-24 - 2019-02-07, - ,,,2016-03-24 - 2019-02-07, - ,,,,,,,
766,2016-03-31 - 2019-02-14, - ,,,2016-03-31 - 2019-02-14, - ,,,,,,,
767,2016-04-07 - 2019-02-21, - ,,,2016-04-07 - 2019-02-21, - ,,,,,,,
768,2016-04-14 - 2019-02-28, - ,,,2016-04-14 - 2019-02-28, - ,,,,,,,
769,2016-04-21 - 2019-03-07, - ,,,2016-04-21 - 2019-03-07, - ,,,,,,,
770,2016-04-28 - 2019-03-14, - ,,,2016-04-28 - 2019-03-14, - ,,,,,,,
771,2016-05-05 - 2019-03-21, - ,,,2016-05-05 - 2019-03-21, - ,,,,,,,
772,2016-05-12 - 2019-03-28, - ,,,2016-05-12 - 2019-03-28, - ,,,,,,,
773,2016-05-19 - 2019-04-04, - ,,,2016-05-19 - 2019-04-04, - ,,,,,,,
774,2016-05-26 - 2019-04-11, - ,,,2016-05-26 - 2019-04-11, - ,,,,,,,
775,2016-06-02 - 2019-04-18, - ,,,2016-06-02 - 2019-04-18, - ,,,,,,,
776,2016-06-09 - 2019-04-25, - ,,,2016-06-09 - 2019-04-25, - ,,,,,,,
777,2016-06-16 - 2019-05-02, - ,,,2016-06-16 - 2019-05-02, - ,,,,,,,
778,2016-06-23 - 2019-05-09,MEX_B_1 - FRA_B_1,,,2016-06-23 - 2019-05-09,MEX_B_1 - FRA_B_1,,,,,,,
779,2016-06-30 - 2019-05-16,MEX_B_1 - FRA_B_1,,,2016-06-30 - 2019-05-16,MEX_B_1 - FRA_B_1,,,,,,,
780,2016-07-07 - 2019-05-23,MEX_B_1 - FRA_B_1,,,2016-07-07 - 2019-05-23,MEX_B_1 - FRA_B_1,,,,,,,
781,2016-07-14 - 2019-05-30,MEX_B_1 - FRA_B_1,,,2016-07-14 - 2019-05-30,MEX_B_1 - FRA_B_1,,,,,,,
782,2016-07-21 - 2019-06-06,MEX_B_1 - FRA_B_1,,,2016-07-21 - 2019-06-06,MEX_B_1 - FRA_B_1,,,,,,,
783,2016-07-28 - 2019-06-13,MEX_B_1 - FRA_B_1,,,2016-07-28 - 2019-06-13,MEX_B_1 - FRA_B_1,,,,,,,
784,2016-08-04 - 2019-06-20,MEX_B_1 - FRA_B_1,,,2016-08-04 - 2019-06-20,MEX_B_1 - FRA_B_1,,,,,,,
785,2016-08-04 - 2019-06-20,USA_B_1 - MEX_B_1,,,2016-08-04 - 2019-06-20,USA_B_1 - MEX_B_1,,,,,,,
786,2016-08-11 - 2019-06-27,MEX_B_1 - FRA_B_1,,,2016-08-11 - 2019-06-27,MEX_B_1 - FRA_B_1,,,,,,,
787,2016-08-18 - 2019-07-04,MEX_B_1 - FRA_B_1,,,2016-08-18 - 2019-07-04,MEX_B_1 - FRA_B_1,,,,,,,
788,2016-08-25 - 2019-07-11,MEX_B_1 - FRA_B_1,,,2016-08-25 - 2019-07-11,MEX_B_1 - FRA_B_1,,,,,,,
789,2016-09-01 - 2019-07-18,MEX_B_1 - FRA_B_1,,,2016-09-01 - 2019-07-18,MEX_B_1 - FRA_B_1,,,,,,,
790,2016-09-01 - 2019-07-18,USA_B_1 - MEX_B_1,,,2016-09-01 - 2019-07-18,USA_B_1 - MEX_B_1,,,,,,,
791,2016-09-08 - 2019-07-25,MEX_B_1 - FRA_B_1,,,2016-09-08 - 2019-07-25,MEX_B_1 - FRA_B_1,,,,,,,
792,2016-09-15 - 2019-08-01,MEX_B_1 - FRA_B_1,,,2016-09-15 - 2019-08-01,MEX_B_1 - FRA_B_1,,,,,,,
793,2016-09-22 - 2019-08-08,MEX_B_1 - FRA_B_1,,,2016-09-22 - 2019-08-08,MEX_B_1 - FRA_B_1,,,,,,,
794,2016-09-22 - 2019-08-08,USA_B_1 - MEX_B_1,,,2016-09-22 - 2019-08-08,USA_B_1 - MEX_B_1,,,,,,,
795,2016-09-29 - 2019-08-15,MEX_B_1 - FRA_B_1,,,2016-09-29 - 2019-08-15,MEX_B_1 - FRA_B_1,,,,,,,
796,2016-10-06 - 2019-08-22,MEX_B_1 - FRA_B_1,,,2016-10-06 - 2019-08-22,MEX_B_1 - FRA_B_1,,,,,,,
797,2016-10-13 - 2019-08-29,MEX_B_1 - FRA_B_1,,,2016-10-13 - 2019-08-29,MEX_B_1 - FRA_B_1,,,,,,,
798,2016-10-13 - 2019-08-29,USA_B_1 - MEX_B_1,,,2016-10-13 - 2019-08-29,USA_B_1 - MEX_B_1,,,,,,,
799,2016-10-20 - 2019-09-05,MEX_B_1 - FRA_B_1,,,2016-10-20 - 2019-09-05,MEX_B_1 - FRA_B_1,,,,,,,
800,2016-10-20 - 2019-09-05,USA_B_1 - MEX_B_1,,,2016-10-20 - 2019-09-05,USA_B_1 - MEX_B_1,,,,,,,
801,2016-10-27 - 2019-09-12, - ,,,2016-10-27 - 2019-09-12, - ,,,,,,,
802,2016-11-03 - 2019-09-19,CAN_B_1 - AUS_B_1,,,2016-11-03 - 2019-09-19,CAN_B_1 - AUS_B_1,,,,,,,
803,2016-11-10 - 2019-09-26,CAN_B_1 - AUS_B_1,,,2016-11-10 - 2019-09-26,CAN_B_1 - AUS_B_1,,,,,,,
804,2016-11-17 - 2019-10-03,CAN_B_1 - AUS_B_1,,,2016-11-17 - 2019-10-03,CAN_B_1 - AUS_B_1,,,,,,,
805,2016-11-24 - 2019-10-10,CAN_B_1 - AUS_B_1,,,2016-11-24 - 2019-10-10,CAN_B_1 - AUS_B_1,,,,,,,
806,2016-11-24 - 2019-10-10,USA_B_1 - MEX_B_1,,,2016-11-24 - 2019-10-10,USA_B_1 - MEX_B_1,,,,,,,
807,2016-12-01 - 2019-10-17,CAN_B_1 - AUS_B_1,,,2016-12-01 - 2019-10-17,CAN_B_1 - AUS_B_1,,,,,,,
808,2016-12-08 - 2019-10-24,CAN_B_1 - AUS_B_1,,,2016-12-08 - 2019-10-24,CAN_B_1 - AUS_B_1,,,,,,,
809,2016-12-15 - 2019-10-31,CAN_B_1 - AUS_B_1,,,2016-12-15 - 2019-10-31,CAN_B_1 - AUS_B_1,,,,,,,
810,2016-12-22 - 2019-11-07, - ,,,2016-12-22 - 2019-11-07, - ,,,,,,,
811,2016-12-29 - 2019-11-14,CAN_B_1 - AUS_B_1,,,2016-12-29 - 2019-11-14,CAN_B_1 - AUS_B_1,,,,,,,
812,2017-01-05 - 2019-11-21,CAN_B_1 - AUS_B_1,,,2017-01-05 - 2019-11-21,CAN_B_1 - AUS_B_1,,,,,,,
813,2017-01-12 - 2019-11-28,CAN_B_1 - AUS_B_1,,,2017-01-12 - 2019-11-28,CAN_B_1 - AUS_B_1,,,,,,,
814,2017-01-19 - 2019-12-05,CAN_B_1 - AUS_B_1,,,2017-01-19 - 2019-12-05,CAN_B_1 - AUS_B_1,,,,,,,
815,2017-01-26 - 2019-12-12,CAN_B_1 - AUS_B_1,,,2017-01-26 - 2019-12-12,CAN_B_1 - AUS_B_1,,,,,,,
816,2017-02-02 - 2019-12-19,CAN_B_1 - AUS_B_1,,,2017-02-02 - 2019-12-19,CAN_B_1 - AUS_B_1,,,,,,,
817,2017-02-09 - 2019-12-26, - ,,,2017-02-09 - 2019-12-26, - ,,,,,,,
