"","timeframe","rho1_2","rho1_3","rho2_3","rho1_2_all","rho1_3_all","rho2_3_all"
"1","2004-07-01 - 2007-05-17","0.852012867230258","0.852012867230258","1","0.952132395322607","0.998173514457032","0.950393339267559"
"2","2004-07-08 - 2007-05-24","1","0.710669054518701","0.710669054518701","0.952132395322607","0.972692118298243","0.970754585832686"
"3","2004-07-15 - 2007-05-31","0.984937058954028","0.710669054518701","0.77138921583987","0.975784462372565","0.943181818181818","0.968307186798829"
"4","2004-07-22 - 2007-06-07","0.821583836257749","0.70417879021953","0.77138921583987","0.970722020556982","0.959732714663884","0.918819188191882"
"5","2004-07-29 - 2007-06-14","0.821583836257749","0.738702794215521","0.869761374449825","0.98711032954354","0.935544864567385","0.922509225092251"
"6","2004-08-05 - 2007-06-21","0.89566858950296","0.791473926564215","0.869761374449825","0.907841299003203","0.952809032326695","0.922666015583416"
"7","2004-08-12 - 2007-06-28","0.798198729716611","0.798198729716611","0.97979797979798","0.948724313538998","0.92560513171933","0.89903405730383"
"8","2004-08-19 - 2007-07-05","0.918110466811207","0.898395136417273","0.966353136197314","0.945751998392414","0.950288875671235","0.948572001864848"
"9","2004-08-26 - 2007-07-12","0.997785157856609","0.896111268082997","0.898100418739418","0.953167078266972","0.954793604495592","0.989215032983754"
"10","2004-09-02 - 2007-07-19","0.752212880291543","0.966950404297282","0.809039834955891","0.96373831820675","0.956261698900014","0.962236441175106"
"11","2004-09-09 - 2007-07-26","0.750555349946513","0.8837807786608","0.744690751488628","0.942825417739429","0.954064767148788","0.951176962054321"
"12","2004-09-16 - 2007-08-02","0.804448908966907","0.977589800571701","0.737433752919477","0.95941612600177","0.998153276355706","0.961327597055463"
"13","2004-09-23 - 2007-08-09","0.898140084193282","0.842178169548504","0.765737516752901","0.945312137462227","0.955719557195572","0.956261698900014"
"14","2004-09-30 - 2007-08-16","0.893437780087558","0.977589800571701","0.863112209719666","0.963261334189944","0.940965815886351","0.965207940608208"
"15","2004-10-07 - 2007-08-23","0.997509336107633","0.869761374449825","0.87583175345773","0.927568926646363","0.901715823463436","0.937139883820031"
"16","2004-10-14 - 2007-08-30","0.849442686812586","1","0.849442686812586","0.901963265893705","0.901214944475564","0.919339140406344"
"17","2004-10-21 - 2007-09-06","0.849442686812586","0.710669054518701","0.853765578276966","0.901963265893705","0.876713310640455","0.899889752624316"
"18","2004-10-28 - 2007-09-13","0.863112209719666","0.750555349946513","0.87583175345773","0.957527032309943","0.990738908235949","0.965080051655174"
"19","2004-11-04 - 2007-09-20","0.617910160258201","0.559258940715804","0.853765578276966","0.909800153005021","0.959062053405117","0.953729869491154"
"20","2004-11-11 - 2007-09-27","0.840947765058437","0.852012867230258","0.990909090909091","0.960820895522388","0.952493147369459","0.90085195263256"
"21","2004-11-18 - 2007-10-04","0.77138921583987","0.984937058954028","0.710669054518701","0.852467362025228","0.891469001778568","0.967486608001871"
"22","2004-11-25 - 2007-10-11","0.866666666666667","0.77138921583987","0.77138921583987","0.92901795559623","0.915094339622641","0.967486608001871"
"23","2004-12-02 - 2007-10-18","0.869626356546304","0.852012867230258","0.750555349946513","0.921215391058353","0.923947521163862","0.933919197051286"
"24","2004-12-09 - 2007-10-25","0.8238858408711","1","0.8238858408711","0.971872805572421","0.894917637486846","0.905106548516546"
"25","2004-12-16 - 2007-11-01","1","0.750555349946513","0.750555349946513","0.944765800387809","0.888927938607303","0.935692702404659"
"26","2004-12-23 - 2007-11-08","0.869626356546304","1","0.869626356546304","0.954914210178824","0.958551991771809","0.931565669368043"
"27","2004-12-30 - 2007-11-15","0.676891289781319","0.852012867230258","0.8238858408711","0.964356982927375","0.876249877022963","0.901460042560586"
"28","2005-01-06 - 2007-11-22","0.426401432711221","0.573025487177686","0.977355554850442","0.909800153005021","0.940298507462687","0.928597676827439"
"29","2005-01-13 - 2007-11-29","0.77138921583987","1","0.77138921583987","0.908045977011494","0.929486898669846","0.858593830127231"
"30","2005-01-20 - 2007-12-06","0.995859195463938","0.710669054518701","0.700649049745371","0.880343846078644","0.948667873685244","0.926412465997984"
"31","2005-01-27 - 2007-12-13","0.738548945875996","0.817423891369599","0.632455532033676","0.874342108837273","0.903551756125823","0.835365853658537"
"32","2005-02-03 - 2007-12-20","0.738548945875996","0.817423891369599","0.632455532033676","0.792357361724648","0.887267233782941","0.671499017999348"
"33","2005-02-10 - 2007-12-27","0.81016272215132","0.817423891369599","0.995859195463938","0.91625005868512","0.753882119269438","0.787245610907751"
"34","2005-02-17 - 2008-01-03","0.817423891369599","1","0.817423891369599","0.918936583472681","0.8942581600637","0.782746731324515"
"35","2005-02-24 - 2008-01-10","1","0.817423891369599","0.817423891369599","0.879445453614914","0.869545424820846","0.775560771530332"
"36","2005-03-03 - 2008-01-17","0.817423891369599","0.77138921583987","0.869761374449825","0.959025677229269","0.863680683361703","0.865774926438987"
"37","2005-03-10 - 2008-01-24","0.577350269189626","0.547722557505166","0.869626356546304","0.985073789302289","0.891015013062285","0.915385729888094"
"38","2005-03-17 - 2008-01-31","0.700649049745371","0.852012867230258","0.81016272215132","0.873204947072646","0.943638375872294","0.882224852974769"
"39","2005-03-24 - 2008-02-07","0.984937058954028","0.852012867230258","0.869761374449825","0.883040641553104","0.756468466946717","0.942216397188265"
"40","2005-03-31 - 2008-02-14","0.87583175345773","0.87583175345773","1","0.960829911225093","0.920676620396662","0.88087348232085"
"41","2005-04-07 - 2008-02-21","0.869761374449825","1","0.869761374449825","0.998153276355706","0.918576372482622","0.920676620396662"
"42","2005-04-14 - 2008-02-28","0.990909090909091","0.852012867230258","0.840947765058437","0.901963265893705","0.926843949715783","0.907054350163311"
"43","2005-04-21 - 2008-03-06","0.77138921583987","0.708572289040914","0.819877533613699","0.887267233782941","0.858593830127231","0.946795437526235"
"44","2005-04-28 - 2008-03-13","0.849271575448934","0.64048986934008","0.737433752919477","0.882597292591062","0.917447613806043","0.915013950147414"
"45","2005-05-05 - 2008-03-20","0.880771012101089","0.997509336107633","0.878577307543805","0.987170919292275","0.968134178149067","0.966595349328283"
"46","2005-05-12 - 2008-03-27","0.849442686812586","0.984937058954028","0.878114079917523","0.98886792778297","0.926843949715783","0.955487898392347"
"47","2005-05-19 - 2008-04-03","0.818982116603942","0.818982116603942","1","0.935306588585162","0.887046282973019","0.927753760976128"
"48","2005-05-26 - 2008-04-10","0.802667181621122","0.805408733804879","0.996983401875105","0.964689911465396","0.853339099816016","0.888927938607303"
"49","2005-06-02 - 2008-04-17","0.997509336107633","1","0.997509336107633","0.910214508896064","0.878692642768945","0.903591899605796"
"50","2005-06-09 - 2008-04-24","0.997785157856609","0.891458956439722","0.893437780087558","0.974365511202214","0.935195314798665","0.942351946996916"
"51","2005-06-16 - 2008-05-01","0.738702794215521","0.848836861515361","0.895768802049329","0.979063603890009","0.895252711728218","0.916666666666667"
"52","2005-06-23 - 2008-05-08","0.853349017374805","0.982299486257503","0.903805308176335","0.909857450214123","0.937757598197476","0.970588900858972"
"53","2005-06-30 - 2008-05-15","0.822379024768145","0.929880477904081","0.887523368492364","0.912227619995808","0.976466937503821","0.946954382411193"
"54","2005-07-07 - 2008-05-22","0.966193257979327","0.852264330571265","0.825057365450164","0.937139883820031","0.944296644145826","0.937735228826191"
"55","2005-07-14 - 2008-05-29","0.968329663731488","0.849691351626003","0.89773105807451","0.9542977555798","0.948724313538998","0.946790584616415"
"56","2005-07-21 - 2008-06-05","0.845402792964952","0.821570478365588","0.893437780087558","0.905536928519129","0.924215996625654","0.975720000971182"
"57","2005-07-28 - 2008-06-12","1","0.744690751488628","0.744690751488628","0.945369305986494","0.940839049491647","0.964689911465396"
"58","2005-08-04 - 2008-06-19","0.96303635673335","0.75445625287151","0.753778361444409","0.960829911225093","0.959336204497429","0.910169814325377"
"59","2005-08-11 - 2008-06-26","0.969343395545875","0.920318094265623","0.896111268082997","0.943775767982231","0.879542716756762","0.91945566568638"
"60","2005-08-18 - 2008-07-03","0.99250925782366","0.85670124442891","0.838246173733348","0.9186707006459","0.944878484300823","0.937628884309206"
"61","2005-08-25 - 2008-07-10","0.771516749810459","0.979033311009585","0.805696637937373","0.910504808977528","0.929628676020102","0.948638225416555"
"62","2005-09-01 - 2008-07-17","0.906005251954535","0.889467562209904","0.805696637937373","0.9270327914381","0.857200362711112","0.923961051658917"
"63","2005-09-08 - 2008-07-24","0.986636370419025","0.831255052885078","0.803827227320718","0.946609832739232","0.912013680307808","0.871438627878329"
"64","2005-09-15 - 2008-07-31","0.986636370419025","0.904106755761879","0.8837807786608","0.8986632105993","0.932068419714881","0.957939744066504"
"65","2005-09-22 - 2008-08-07","0.883794340881854","0.870927053138519","0.862763526266403","0.939451122720164","0.94106973581483","0.941182831328474"
"66","2005-09-29 - 2008-08-14","0.883794340881854","0.870927053138519","0.862763526266403","0.987157625045797","0.924495122072495","0.937506335893598"
"67","2005-10-06 - 2008-08-21","0.952651016459082","0.867320581988606","0.767101570909463","0.929051490036714","0.931734317343173","0.919704895569544"
"68","2005-10-13 - 2008-08-28","0.883794340881854","0.856608765384149","0.86087770209613","0.957992490721473","0.98011010158449","0.94348721055593"
"69","2005-10-20 - 2008-09-04","0.901568887209504","0.856608765384149","0.898165135500666","0.940973108470786","0.98011010158449","0.965158543510983"
"70","2005-10-27 - 2008-09-11","0.862481726365586","0.898165135500666","0.765224624085449","0.956464821465568","0.967801190795544","0.949309948312567"
"71","2005-11-03 - 2008-09-18","0.831082230840369","0.756543272772441","0.849447156342681","0.970733274963471","0.974935443994014","0.972943583709688"
"72","2005-11-10 - 2008-09-25","0.918065684211526","0.922684432902969","0.909705439849874","0.963693709100457","0.967757666065551","0.983996302115363"
"73","2005-11-17 - 2008-10-02","0.913669715092485","0.863819768831008","0.878692642768945","0.932939740666456","0.950639029813571","0.949259909572932"
"74","2005-11-24 - 2008-10-09","0.956447868181336","0.892235682150419","0.91134099540277","0.912815623318515","0.976279915941757","0.939837356743334"
"75","2005-12-01 - 2008-10-16","0.811786106835055","0.866025403784439","0.921078667298472","0.946985129100262","0.962102398729483","0.967565772702142"
"76","2005-12-08 - 2008-10-23","0.909413185882711","0.872197207831267","0.969291612712349","0.970176505692263","0.924784653017299","0.92581050055951"
"77","2005-12-15 - 2008-10-30","0.855186110494137","0.860013163567532","0.915586735751624","0.938906407317707","0.989227692986518","0.943476681205443"
"78","2005-12-22 - 2008-11-06","0.860013163567532","0.867492796825283","0.959213860161117","0.875811312181713","0.914418553137774","0.945112058710004"
"79","2005-12-29 - 2008-11-13","0.842810885477427","0.812403840463596","0.936489497333714","0.979931250050972","0.978351935259032","0.97124815642886"
"80","2006-01-05 - 2008-11-20","0.867182418867901","0.98467342253634","0.899432359301998","0.915190946242972","0.918453669412422","0.98577136671577"
"81","2006-01-12 - 2008-11-27","0.943456353049727","0.894324045385665","0.948535822198228","0.923018376075801","0.924671051304445","0.978534660564072"
"82","2006-01-19 - 2008-12-04","0.809023187874438","0.849718577324175","0.961687523801235","0.971008312455225","0.958135096191614","0.994642857142857"
"83","2006-01-26 - 2008-12-11","0.546523017674312","0.664534302663195","0.902283492154591","0.964128583250243","0.994510480030508","0.954980991619744"
"84","2006-02-02 - 2008-12-18","0.771822458904545","0.766163121569914","0.961458040303014","0.961692972020706","0.971008312455225","0.983901395448335"
"85","2006-02-09 - 2008-12-25","0.792357361724648","0.759793243493076","0.949686368380249","0.998231652020415","0.974966758870505","0.973242678372293"
"86","2006-02-16 - 2009-01-01","0.905984770886392","0.901272066137127","0.9275349303561","0.984015761819828","0.978577669520344","0.983971288545901"
"87","2006-02-23 - 2009-01-08","0.880916630191213","0.923254311652667","0.935306588585162","0.982142857142857","0.97124815642886","0.97124815642886"
"88","2006-03-02 - 2009-01-15","0.90267093384844","0.872197207831267","0.915385729888094","0.980219959412768","0.941818181818182","0.958597460308075"
"89","2006-03-09 - 2009-01-22","0.710669054518701","0.771795225455626","0.976313950018744","0.971555136223533","0.983939181856762","0.989405470217874"
"90","2006-03-16 - 2009-01-29","0.938220067026918","0.881679389312977","0.945725827563134","0.976531779302525","0.97839673284433","0.998212688473038"
"91","2006-03-23 - 2009-02-05","0.983378343788883","0.923443533356412","0.944859326763351","0.985842252083991","0.984042553191489","0.994691823467151"
"92","2006-03-30 - 2009-02-12","0.921774645282114","0.881419879685137","0.939228112065682","0.982060923020553","0.954929652536256","0.961901734809458"
"93","2006-04-06 - 2009-02-19","0.853981845859843","0.913016511016435","0.946810374650652","0.982269503546099","0.987550737413813","0.982212625319684"
"94","2006-04-13 - 2009-02-26","0.906117493213174","0.908197024882057","0.964881500477183","0.991151994913887","0.992888849507942","0.987580628214033"
"95","2006-04-20 - 2009-03-05","0.926686788281774","0.955549885364658","0.961508354877021","0.974956837307896","0.983928571428571","0.966012279167457"
"96","2006-04-27 - 2009-03-12","0.893334953897078","0.901147198531536","0.899432359301998","0.984098939929329","0.992907711915677","0.973334262397626"
"97","2006-05-04 - 2009-03-19","0.927279109715396","0.971244309132049","0.948382345545359","0.980475731608177","0.969590102423632","0.976893071400908"
"98","2006-05-11 - 2009-03-26","0.909107062486788","0.946795437526235","0.931800765249616","0.973164133473739","0.994685524819889","0.963869346772196"
"99","2006-05-18 - 2009-04-02","0.944765800387809","0.923533179606768","0.929577468094756","0.987561506108535","0.947572714042382","0.978595202579065"
"100","2006-05-25 - 2009-04-09","0.914338246586198","0.937192851174805","0.961762993373543","0.99296390204684","0.980532509254096","0.987668145839399"
"101","2006-06-01 - 2009-04-16","0.924215996625654","0.913637140459756","0.923208545954488","0.958868907041233","0.985821308269959","0.984084668845557"
"102","2006-06-08 - 2009-04-23","0.929629629629629","0.950290746588907","0.946607449121508","0.976828646371584","0.98759486191569","0.991133076516961"
"103","2006-06-15 - 2009-04-30","0.935188002804032","0.881226053639847","0.950091397271029","0.973197067691328","0.983970466964663","0.989399293286219"
"104","2006-06-22 - 2009-05-07","0.979607010390601","0.929513470086536","0.916974169741698","0.976974925486924","0.983991996017727","0.991172265700406"
"105","2006-06-29 - 2009-05-14","0.953055924533694","0.926686788281774","0.913793103448276","0.987388990162798","0.978746854415797","0.984090277420391"
"106","2006-07-06 - 2009-05-21","0.961268943121276","0.907451851385865","0.933924521520362","0.987655857053624","0.996478873239437","0.985892185880314"
"107","2006-07-13 - 2009-05-28","0.910202225528147","0.932337415489214","0.905936764152846","0.974956837307896","0.97137901405172","0.975"
"108","2006-07-20 - 2009-06-04","0.967091360980488","0.937987846675454","0.961268943121276","0.984067302441457","0.976874513225555","0.992939061182938"
"109","2006-07-27 - 2009-06-11","0.956229853550821","0.954984023580561","0.899131840234339","0.982251955759641","0.971426006955775","0.978418084487377"
"110","2006-08-03 - 2009-06-18","0.912664630871433","0.946121887962842","0.890201320707228","0.992914044295846","0.980427046263345","0.976956497155377"
"111","2006-08-10 - 2009-06-25","0.914504460328215","0.824848941314299","0.837981139036274","0.98747246132763","0.945369305986494","0.956778462208107"
"112","2006-08-17 - 2009-07-02","0.944058623365166","0.914067991426715","0.893752832850198","0.978595202579065","0.962039473035395","0.982213700118777"
"113","2006-08-24 - 2009-07-09","0.910786962522002","0.885798370475454","0.85822222935116","0.943476681205443","0.943476681205443","0.985714285714286"
"114","2006-08-31 - 2009-07-16","0.955639340510926","0.931050441955152","0.915635644156006","0.947058455773173","0.939419298351746","0.962236441175106"
"115","2006-09-07 - 2009-07-23","0.902265181713377","0.852828490123561","0.807280321211393","0.902243250362643","0.935998618014959","0.980050824145485"
"116","2006-09-14 - 2009-07-30","0.994301947919425","0.905099950235254","0.899942643580688","0.965595166143021","0.929425830852191","0.939716917356327"
"117","2006-09-21 - 2009-08-06","0.944973238253997","0.880413883679551","0.913432147874189","0.974888074831188","0.969806147930733","0.958535632581386"
"118","2006-09-28 - 2009-08-13","0.892798292924341","0.817295802721592","0.945147758118715","0.984015761819828","0.956612207859976","0.950997487836537"
"119","2006-10-05 - 2009-08-20","0.947525232938742","0.882505098360595","0.944763618620364","0.973263578319132","0.974814334636595","0.980272907154334"
"120","2006-10-12 - 2009-08-27","0.956822943998255","0.994252873563218","0.956822943998255","0.973263578319132","0.985791963555965","0.971536401131427"
"121","2006-10-19 - 2009-09-03","0.966536209635765","1","0.966536209635765","0.97111302031259","0.958415436996335","0.980463358347554"
"122","2006-10-26 - 2009-09-10","0.899605648370799","0.888890702768309","0.849110036597738","0.965646065969953","0.924784653017299","0.971176092749538"
"123","2006-11-02 - 2009-09-17","0.909961685823755","0.890101860590616","0.858593830127231","0.980475731608177","0.976616209561986","0.971426006955775"
"124","2006-11-09 - 2009-09-24","0.921762439294012","0.890101860590616","0.841590734846212","0.985713551531965","0.964219234963548","0.987612166360623"
"125","2006-11-16 - 2009-10-01","0.979482029147437","0.901214944475564","0.948753850484185","0.956925908537395","0.969260174260677","0.962255117943408"
"126","2006-11-23 - 2009-10-08","0.966536209635765","0.913502220155814","0.950290746588907","0.97274691422784","0.956770734517508","0.939120799202143"
"127","2006-11-30 - 2009-10-15","0.95693055982368","0.865558016002437","0.888974644457742","0.996428571428571","0.982251955759641","0.984028179911105"
"128","2006-12-07 - 2009-10-22","0.928190961784514","0.912842727598811","0.933326958606393","0.992857051420375","0.980413418201595","0.984048740328919"
"129","2006-12-14 - 2009-10-29","0.89349696551999","0.889759567795739","0.941754866140014","0.980463358347554","0.980393714424035","0.996447590904027"
"130","2006-12-21 - 2009-11-05","0.931462154187283","0.9668577160464","0.917624521072797","0.976700034476783","0.983976972619046","0.992914044295846"
"131","2006-12-28 - 2009-11-12","0.923443533356412","0.942700316558167","0.958862026614389","0.976874513225555","0.987580628214033","0.976992680700831"
"132","2007-01-04 - 2009-11-19","0.956101686423891","0.934122337310698","0.927777777777778","0.962102398729483","0.956677009262964","0.985714285714286"
"133","2007-01-11 - 2009-11-26","0.92037037037037","0.926686788281774","0.913502220155814","0.950818912187586","0.98577136671577","0.969389659557362"
"134","2007-01-18 - 2009-12-03","0.920824366849716","0.981684981684982","0.944765800387809","0.978442587217222","0.980393714424035","0.973109225526501"
"135","2007-01-25 - 2009-12-10","0.920824366849716","0.981684981684982","0.944765800387809","0.984098939929329","0.984010689407472","0.989348902912395"
"136","2007-02-01 - 2009-12-17","0.92037037037037","0.953974044056306","0.944765800387809","0.982251955759641","0.982251955759641","0.991071428571428"
"137","2007-02-08 - 2009-12-24","0.910786962522002","0.921641791044776","0.93123320045617","0.965842590973541","0.954464242761362","0.978474241269647"
"138","2007-02-15 - 2009-12-31","0.939955905822795","0.932135204596996","0.914504460328215","0.992946870573554","0.975031727413419","0.985814884202654"
"139","2007-02-22 - 2010-01-07","0.947744678971055","0.896610955249821","0.900082791593571","0.953191835531901","0.978534660564072","0.974754649932988"
"140","2007-03-01 - 2010-01-14","0.960737348635564","0.869256487258771","0.900082791593571","0.964053725640498","0.989330108111856","0.982135632097494"
"141","2007-03-08 - 2010-01-21","0.947744678971055","0.935367978222607","0.913826345284218","0.978392672020729","0.98032357219216","0.964053725640498"
"142","2007-03-15 - 2010-01-28","0.967032967032967","0.941995508756984","0.926923580616872","0.982251156071865","0.989169675090253","0.987599165996031"
"143","2007-03-22 - 2010-02-04","0.956043956043956","0.957067436897096","0.926923580616872","0.998225375708923","0.974935443994014","0.976783260534167"
"144","2007-03-29 - 2010-02-11","0.95793329884999","0.954675457293299","0.915970827889599","0.982060097165261","0.966987127262136","0.954866845397839"
"145","2007-04-05 - 2010-02-18","0.952231624256471","0.945147758118715","0.904175071802714","0.978653883923598","0.984015761819828","0.99821905468629"
"146","2007-04-12 - 2010-02-25","0.931609724598659","0.97182531580755","0.874929581546301","0.984028179911105","0.989330108111856","0.985842252083991"
"147","2007-04-19 - 2010-03-04","0.927777777777778","0.931050441955152","0.862446725179509","0.991158093442809","0.969430732324079","0.980468486097143"
"148","2007-04-26 - 2010-03-11","0.952132395322607","0.904079216190621","0.918391974623894","0.98576512455516","0.969518416576219","0.976700034476783"
"149","2007-05-03 - 2010-03-18","0.924481215726642","0.89831705294638","0.895768530470536","0.994666628638791","0.963978047018582","0.97138232225701"
"150","2007-05-10 - 2010-03-25","0.925327301473","0.940986142950797","0.92981926167247","0.969116538958124","0.956298430911193","0.98011010158449"
"151","2007-05-17 - 2010-04-01","0.992373640647798","0.918375528122886","0.90270563009837","0.941398257063793","0.942542015629863","0.951598535479786"
"152","2007-05-24 - 2010-04-08","0.952961268685791","0.908941769803239","0.93342938088547","0.966012279167457","0.996422170998389","0.965890246045957"
"153","2007-05-31 - 2010-04-15","0.937987846675454","0.9708391914381","0.904079216190621","0.96900073690999","0.952769200319465","0.989215032983754"
"154","2007-06-07 - 2010-04-22","0.988556818952999","0.863918682308893","0.85326709572657","0.965681426199164","0.97500621817173","0.976654261768021"
"155","2007-06-14 - 2010-04-29","0.949194623355017","0.955346343674412","0.895762516848876","0.957812676339345","0.965266695299108","0.924638601871529"
"156","2007-06-21 - 2010-05-06","0.912983589990135","0.968750315217121","0.856816320464142","0.964125119423042","0.940959409594096","0.956903208416128"
"157","2007-06-28 - 2010-05-13","0.877197889815742","0.859732039303332","0.939615729147961","0.980357142857143","0.963795681875633","0.976525058806066"
"158","2007-07-05 - 2010-05-20","0.903512805861607","0.886946790161204","0.893924961030275","0.965902699424237","0.928778064811839","0.971069611550166"
"159","2007-07-12 - 2010-05-27","0.906040648240538","0.872192195246848","0.918778801943967","0.960437868387863","0.978207688479307","0.96744845681911"
"160","2007-07-19 - 2010-06-03","0.860813916426058","0.864706145616101","0.900128705289106","0.971323572677483","0.943040199311911","0.962183907753827"
"161","2007-07-26 - 2010-06-10","0.919130234679716","0.808939298321801","0.904196621864587","0.982078853046595","0.937558047384237","0.959792625583073"
"162","2007-08-02 - 2010-06-17","0.848894600006512","0.827380700481593","0.918248740160793","0.962176218893314","0.948775236719493","0.97280832307953"
"163","2007-08-09 - 2010-06-24","0.905406962687312","0.872705347182405","0.820900056411032","0.94937250786638","0.95976491127609","0.985677056852489"
"164","2007-08-16 - 2010-07-01","0.895131065670839","0.828700020537159","0.861545523558299","0.972906562706569","0.96331734689302","0.985617372939122"
"165","2007-08-23 - 2010-07-08","0.939336436627724","0.81953754706223","0.855357199044512","0.998173514457032","0.998173514457032","0.994505494505495"
"166","2007-08-30 - 2010-07-15","0.898547192632116","0.728477819610871","0.811099714853227","0.967515330047847","0.967685581075782","0.962176218893314"
"167","2007-09-06 - 2010-07-22","0.852812627304132","0.575608635450181","0.72341140818537","0.969276314338261","0.985239852398524","0.965646065969953"
"168","2007-09-13 - 2010-07-29","0.876063058102666","0.617910160258201","0.775083651627182","0.962102398729483","0.923779656286527","0.952618003507209"
"169","2007-09-20 - 2010-08-05","0.82694041820377","0.482035271989863","0.775083651627182","0.974706576387433","0.949006239736539","0.974916656516409"
"170","2007-09-27 - 2010-08-12","0.848528137423857","0.701404214049177","0.779377776739562","0.9801817712565","0.978457591254734","0.969430732324079"
"171","2007-10-04 - 2010-08-19","0.898547192632116","0.70417879021953","0.660248217456875","0.976700034476783","0.962026889378135","0.969558961766106"
"172","2007-10-11 - 2010-08-26","0.908664364719859","0.696956252727207","0.660248217456875","0.987479218704511","0.962015817601645","0.96373831820675"
"173","2007-10-18 - 2010-09-02","0.883883476483184","0.70417879021953","0.663906130309292","0.964223367539369","0.987479218704511","0.976702508960574"
"174","2007-10-25 - 2010-09-09","0.883883476483184","0.703526470681448","0.781735959970572","0.976531779302525","0.963978047018582","0.961824541009723"
"175","2007-11-01 - 2010-09-16","0.903525331516144","0.701404214049177","0.779377776739562","0.969386979365326","0.95107493808072","0.97500621817173"
"176","2007-11-08 - 2010-09-23","0.821583836257749","0.802022209896544","0.779377776739562","0.96955982186828","0.935781391772038","0.969581294271378"
"177","2007-11-15 - 2010-09-30","0.95257934441568","0.719003353589931","0.755760268353514","0.976791943846037","0.978423596260295","0.98568840844983"
"178","2007-11-22 - 2010-10-07","0.883667285713403","0.794461346554274","0.72251353876068","0.987569498410754","0.980194500145997","0.975031727413419"
"179","2007-11-29 - 2010-10-14","0.889025714701889","0.85901227755521","0.831719523730615","0.969339346322249","0.962064641831377","0.945356759528906"
"180","2007-12-06 - 2010-10-21","0.920989883695486","0.928293508474887","0.937685923670614","0.989380229960464","0.97496931779379","0.982314732390799"
"181","2007-12-13 - 2010-10-28","0.896487611124866","0.892446175963094","0.913207719789641","0.975","0.98032357219216","0.983901395448335"
"182","2007-12-20 - 2010-11-04","0.851333010389715","0.804230011695214","0.786422017016444","0.954238061717335","0.929162694407395","0.976093308814718"
"183","2007-12-27 - 2010-11-11","0.72888801359204","0.96303635673335","0.767801830327997","0.99821905468629","0.982021834338159","0.985668904808394"
"184","2008-01-03 - 2010-11-18","0.804199503920055","0.922843833771423","0.831001054774564","0.985790093909113","0.973118279569892","0.978672475902549"
"185","2008-01-10 - 2010-11-25","0.813692522503519","0.916076997057025","0.862632697246828","0.976893071400908","0.987401812647071","0.976820776454544"
"186","2008-01-17 - 2010-12-02","0.863850823067332","0.971136992095486","0.897752116496489","0.989367922709075","0.996434926263416","0.987569498410754"
"187","2008-01-24 - 2010-12-09","0.868230171204805","0.918383947887879","0.791169673442112","0.966012279167457","0.960101569836159","0.978351935259032"
"188","2008-01-31 - 2010-12-16","0.840604665757379","0.961036279067149","0.881177701661551","0.963955452654746","0.980258152032848","0.987523850528937"
"189","2008-02-07 - 2010-12-23","0.864642011382035","0.87487356256683","0.719661341050853","0.958518724567534","0.959827905221932","0.987569498410754"
"190","2008-02-14 - 2010-12-30","0.924870942541819","0.862841888199111","0.744069786205095","0.965709702074406","0.979912647963183","0.973109225526501"
"191","2008-02-21 - 2011-01-06","0.809023187874438","1","0.809023187874438","0.933601464883495","0.943208884940844","0.93032180039549"
"192","2008-02-28 - 2011-01-13","0.817629817532677","0.997509336107633","0.815593376468826","0.958335052111871","0.945280656754438","0.976590843895461"
"193","2008-03-06 - 2011-01-20","0.858893714436433","0.765737516752901","0.804861884673183","0.965363389478996","0.900401391093813","0.946810374650652"
"194","2008-03-13 - 2011-01-27","0.944089002751289","0.864414283166835","0.85479156094119","0.973067752824663","0.937269372693727","0.976685105065647"
"195","2008-03-20 - 2011-02-03","0.970703125","0.797922227940039","0.800126432989597","0.985690307076423","0.935444281389453","0.933772351042495"
"196","2008-03-27 - 2011-02-10","0.941182105009053","0.766068933135764","0.864463991612518","0.971176092749538","0.928310744355699","0.916409431632605"
"197","2008-04-03 - 2011-02-17","0.967013186992191","0.810248643506187","0.896037211174156","0.97111302031259","0.926843949715783","0.951086353614464"
"198","2008-04-10 - 2011-02-24","0.933598785302976","0.97538297669147","0.947649238812872","0.994628430262133","0.944655763068708","0.939581478759106"
"199","2008-04-17 - 2011-03-03","0.907446375764296","0.890429639878867","0.814322394603278","0.973270151038014","0.958271916942252","0.96781036805466"
"200","2008-04-24 - 2011-03-10","0.949262293098647","0.890429639878867","0.858058119397361","0.971482181658174","0.94313355486288","0.967833108086225"
"201","2008-05-01 - 2011-03-17","0.938587391541194","0.785492466881655","0.84698955385992","0.953124492512557","0.960531088536623","0.989330108111856"
"202","2008-05-08 - 2011-03-24","0.904949507386099","0.861259511197077","0.929320377284585","0.941630924488976","0.947215969572609","0.951176962054321"
"203","2008-05-15 - 2011-03-31","0.862501845773251","0.953642470878972","0.875910907006214","0.985739432449132","0.971277378257739","0.981876609272164"
"204","2008-05-22 - 2011-04-07","0.900805927346721","0.809023187874438","0.870388279778489","0.978699507456713","0.956720624994719","0.937970007968835"
"205","2008-05-29 - 2011-04-14","0.877026873227746","0.751300955010707","0.870388279778489","0.992946870573554","0.975171672580828","0.984010689407472"
"206","2008-06-05 - 2011-04-21","0.907861207585327","0.767938009380538","0.889331080364117","0.972974552350202","0.980050824145485","0.960170137123033"
"207","2008-06-12 - 2011-04-28","0.918110227772343","0.872197207831267","0.912870929175277","0.982142857142857","0.974956837307896","0.974956837307896"
"208","2008-06-19 - 2011-05-05","0.935811508286617","0.844728912852192","0.878014377233466","0.930117293657361","0.960516624892132","0.941641123459907"
"209","2008-06-26 - 2011-05-12","0.875945286721109","0.761382842433827","0.862125691269215","0.98045188040419","0.962118941507931","0.971426006955775"
"210","2008-07-03 - 2011-05-19","0.963498388616212","0.881177701661551","0.906269239258612","0.991133076516961","0.976785714285714","0.987580628214033"
"211","2008-07-10 - 2011-05-26","0.946864400116774","0.792357361724648","0.824756935476198","0.936366757254437","0.956358392479376","0.973263578319132"
"212","2008-07-17 - 2011-06-02","0.959974747902514","0.906032848404549","0.865792569957463","0.98760555547348","0.971276251135433","0.989380229960464"
"213","2008-07-24 - 2011-06-09","0.948775236719493","0.880916630191213","0.914853278804383","0.96034513260735","0.937735228826191","0.963869346772196"
"214","2008-07-31 - 2011-06-16","0.974123660443439","0.945147758118715","0.970030623018725","0.984027367076206","0.967397654122224","0.987599165996031"
"215","2008-08-07 - 2011-06-23","0.956989249218658","0.757643320772356","0.72279351223549","0.973218305861598","0.954038761945466","0.954981885351832"
"216","2008-08-14 - 2011-06-30","0.942469632295301","0.915167063298481","0.953356142653908","0.969605934600216","0.982116056818344","0.989382080637255"
"217","2008-08-21 - 2011-07-07","0.958443353807071","0.813225695848738","0.837404952339471","0.971426006955775","0.974754649932988","0.992907711915677"
"218","2008-08-28 - 2011-07-14","0.950288875671235","0.928726920425144","0.908135611406608","0.984067302441457","0.976828646371584","0.987624541755073"
"219","2008-09-04 - 2011-07-21","0.905876809130368","0.847499842601623","0.919387616546817","0.973071586165258","0.965656162783649","0.980169953543727"
"220","2008-09-11 - 2011-07-28","0.911646355065683","1","0.911646355065683","0.984098939929329","0.978672475902549","0.992907711915677"
"221","2008-09-18 - 2011-08-04","0.943551944369789","0.886827030938754","0.922202798777997","0.994653986633839","0.982149120868959","0.973167925679808"
"222","2008-09-25 - 2011-08-11","0.92901795559623","0.951778520949689","0.866958621085144","0.943896340829132","0.980194500145997","0.958119951731977"
"223","2008-10-02 - 2011-08-18","0.900473130370132","0.860728562635507","0.895998690365411","0.964107341246869","0.963716643743061","0.97839673284433"
"224","2008-10-09 - 2011-08-25","0.964689911465396","0.930796769542578","0.957067436897096","0.991120568764375","0.965842590973541","0.976719814747914"
"225","2008-10-16 - 2011-09-01","0.857508126490934","0.920151991520966","0.884212094361395","0.967632159536836","0.960374390768045","0.987343386467033"
"226","2008-10-23 - 2011-09-08","0.873491213214717","0.914631073165569","0.833129523839751","0.954238061717335","0.925880901723108","0.958909112252643"
"227","2008-10-30 - 2011-09-15","0.897527467855751","0.8125","0.928476690885259","0.978507043716955","0.952830695669736","0.902849715202401"
"228","2008-11-06 - 2011-09-22","0.866958621085144","0.770286804692482","0.862194600503129","0.950184501845019","0.904444144613949","0.975748869707995"
"229","2008-11-13 - 2011-09-29","0.870485982902755","0.883794340881854","0.87190799690729","0.962236441175106","0.935971765603337","0.967026710072335"
"230","2008-11-20 - 2011-10-06","0.875565558426582","0.766419189467318","0.783966309609778","0.948382345545359","0.927837023781507","0.961889061448832"
"231","2008-11-27 - 2011-10-13","0.926478661170164","0.795495128834866","0.779944233987329","0.990827355993923","0.932359876141184","0.937735228826191"
"232","2008-12-04 - 2011-10-20","0.861132947525909","0.694365074829414","0.783267275757344","0.93395910394009","0.913679157736869","0.879477304036731"
"233","2008-12-11 - 2011-10-27","0.951778520949689","0.780720058358826","0.928840728025648","0.960407019981219","0.911263995916918","0.891355311789141"
"234","2008-12-18 - 2011-11-03","0.980274196334883","0.997965409896352","0.978279740156158","0.974754649932988","0.956199053268635","0.937197750019444"
"235","2008-12-25 - 2011-11-10","0.797488683675179","0.963952042283748","0.676891289781319","0.854320348707476","0.937956204379562","0.878273255680583"
"236","2009-01-01 - 2011-11-17","0.886177253177726","0.907264708726555","0.836747906375349","0.979985748681884","0.916974169741698","0.938012429837036"
"237","2009-01-08 - 2011-11-24","0.998044963916957","0.808122912053357","0.814857878916231","0.983901395448335","0.904002148604369","0.890564759050184"
"238","2009-01-15 - 2011-12-01","0.848234043792549","0.986793716145314","0.862194600503129","0.956520023604083","0.919558717697852","0.872421287517753"
"239","2009-01-22 - 2011-12-08","0.866025403784439","0.923760430703401","0.825","0.937558047384237","0.933852284351098","0.96415770609319"
"240","2009-01-29 - 2011-12-15","0.878388545598368","0.903233676839729","0.844329486394128","0.969493415778974","0.959911552712609","0.965646065969953"
"241","2009-02-05 - 2011-12-22","0.819068641986253","0.87143358086952","0.780720058358826","0.948813285720146","0.974513639119026","0.960006347170385"
"242","2009-02-12 - 2011-12-29","0.767885665217183","0.971136992095486","0.740464976715805","0.931609724598659","0.950184501845019","0.953790908517675"
"243","2009-02-19 - 2012-01-05","0.811131047503256","0.847308294530466","0.704984558195202","0.976493459143219","0.937217528713836","0.946365548654279"
"244","2009-02-26 - 2012-01-12","0.79979174801157","0.838640914856172","0.835956655223083","0.974910394265233","0.969534050179211","0.982078853046595"
"245","2009-03-05 - 2012-01-19","0.905380460153207","1","0.905380460153207","0.976758977177252","0.957684119839883","0.943783140248299"
"246","2009-03-12 - 2012-01-26","0.829515062006253","0.748533920609501","0.900376704873138","0.947303985021265","0.960263970671731","0.971434766823116"
"247","2009-03-19 - 2012-02-02","0.872958151049926","0.829379750900698","0.956296065296812","0.983621243222942","0.938405797101449","0.939904743524144"
"248","2009-03-26 - 2012-02-09","1","0.860254730076571","0.860254730076571","0.9782865548046","0.9782865548046","1"
"249","2009-04-02 - 2012-02-16","0.903696114115064","0.988483301144345","0.92519167947291","0.956464821465568","0.975972092436691","0.954590938752198"
"250","2009-04-09 - 2012-02-23","0.863580150705034","0.949596073738419","0.822390317105047","0.958271916942252","0.946328592355792","0.955953885147843"
"251","2009-04-16 - 2012-03-01","0.875754976412629","0.934028924988609","0.95946899448837","0.994628430262133","0.981995493440055","0.972752998766597"
"252","2009-04-23 - 2012-03-08","0.921954445729289","0.873886059382867","0.95946899448837","0.989253666171062","0.99102493646351","0.987479218704511"
"253","2009-04-30 - 2012-03-15","0.94471225798859","0.906976744186046","0.837539018636943","0.98217624845026","0.963869346772196","0.963961305973356"
"254","2009-05-07 - 2012-03-22","0.858213613082702","0.906976744186046","0.858213613082702","0.96415770609319","0.965681426199164","0.962064641831377"
"255","2009-05-14 - 2012-03-29","0.876037590783133","0.865511875778457","0.73431307102251","0.978571428571429","0.973263578319132","0.980393714424035"
"256","2009-05-21 - 2012-04-05","0.928840728025648","0.874392595079571","0.756543272772441","0.964285714285714","0.934227694559193","0.952618003507209"
"257","2009-05-28 - 2012-04-12","0.861132947525909","0.874392595079571","0.853671671819745","0.967797885643516","0.983991996017727","0.956859294852136"
"258","2009-06-04 - 2012-04-19","0.951778520949689","0.845402792964952","0.756644449203734","0.974729241877256","0.972876816701948","0.956601925716228"
"259","2009-06-11 - 2012-04-26","0.913907693767414","0.859544494960406","0.661634061201091","0.972914994934738","0.95636995949171","0.962176218893314"
"260","2009-06-18 - 2012-05-03","0.78995314672832","0.860919077409906","0.674199862463242","0.980290843427065","0.959879585816282","0.97662121055462"
"261","2009-06-25 - 2012-05-10","0.864171220637214","0.819682566228848","0.87831006565368","0.950915377973696","0.980194500145997","0.960256249647483"
"262","2009-07-02 - 2012-05-17","0.928414165097055","0.791039852105472","0.655273314642918","0.931489494552558","0.96415770609319","0.931489494552558"
"263","2009-07-09 - 2012-05-24","0.901568887209504","0.786372909592629","0.780998403470882","0.961657893356623","0.973167925679808","0.96732325812744"
"264","2009-07-16 - 2012-05-31","0.815810160814019","0.751916319320511","0.844495436188953","0.967279122527737","0.989227692986518","0.974845371823041"
"265","2009-07-23 - 2012-06-07","0.855782575622346","0.855782575622346","1","0.930146521317959","0.939242789169597","0.969480916105608"
"266","2009-07-30 - 2012-06-14","0.79578357008319","0.772964907013732","0.87831006565368","0.914902825649221","0.949813157699288","0.943752645473431"
"267","2009-08-06 - 2012-06-21","0.864171220637214","0.819682566228848","0.87831006565368","0.972791188411074","0.983620366437559","0.950242728493514"
"268","2009-08-13 - 2012-06-28","0.837230631025023","0.797924998575035","0.756644449203734","0.969062266825462","0.958572562642777","0.946530036276716"
"269","2009-08-20 - 2012-07-05","0.859596392500242","0.847622404410133","0.8837807786608","0.921406478699764","0.975972092436691","0.92718217114328"
"270","2009-08-27 - 2012-07-12","0.862841888199111","0.871601928910566","0.89566858950296","0.953022680911909","0.983843596344209","0.965605062427503"
"271","2009-09-03 - 2012-07-19","0.862841888199111","0.871601928910566","0.89566858950296","0.976702508960574","0.965949820788531","0.980286738351254"
"272","2009-09-10 - 2012-07-26","0.877954053637832","0.900186601384769","0.901694569876703","0.971276251135433","0.938145478941622","0.971011814947934"
"273","2009-09-17 - 2012-08-02","0.877954053637832","0.910587862606813","0.896111268082997","0.969370942897053","0.989176121019067","0.98011010158449"
"274","2009-09-24 - 2012-08-09","0.834286772193255","0.927426033502968","0.794630978413917","0.960170137123033","0.969424460431655","0.9782865548046"
"275","2009-10-01 - 2012-08-16","0.903805308176335","0.863580150705034","0.806238079769147","0.958188153331047","0.98011010158449","0.945567554407033"
"276","2009-10-08 - 2012-08-23","0.797488683675179","0.901694569876703","0.738702794215521","0.972553571539165","0.97080938524041","0.941182831328474"
"277","2009-10-15 - 2012-08-30","0.785674201318386","0.674199862463242","0.540295467239169","0.918819188191882","0.978103020106847","0.939710191280223"
"278","2009-10-22 - 2012-09-06","0.866025403784439","0.674199862463242","0.583874208121142","0.9298956298171","0.950290746588907","0.94312085366829"
"279","2009-10-29 - 2012-09-13","0.846617601775656","0.780720058358826","0.655273314642918","0.913125404666146","0.977915477594399","0.943021079045913"
"280","2009-11-05 - 2012-09-20","0.65133894727893","0.780720058358826","0.540295467239169","0.931481481481481","0.950606849145593","0.941448787015096"
"281","2009-11-12 - 2012-09-27","0.728780029878843","0.905380460153207","0.692689392227359","0.95793329884999","0.960144927536232","0.950606849145593"
"282","2009-11-19 - 2012-10-04","0.730296743340221","0.907264708726555","0.692689392227359","0.921055482837995","0.978260869565218","0.952308862495172"
"283","2009-11-26 - 2012-10-11","0.730296743340221","0.907264708726555","0.692689392227359","0.924507664317115","0.95970695970696","0.972390531393301"
"284","2009-12-03 - 2012-10-18","0.707106781186547","0.833333333333333","0.707106781186547","0.934287119268967","0.945465117220137","0.895759572478875"
"285","2009-12-10 - 2012-10-25","0.707106781186547","0.833333333333333","0.707106781186547","0.925411725295216","0.939080461097039","0.918487100470613"
"286","2009-12-17 - 2012-11-01","0.707106781186547","0.833333333333333","0.707106781186547","0.930337675344615","0.98886792778297","0.940810849665658"
"287","2009-12-24 - 2012-11-08","0.707106781186547","0.833333333333333","0.707106781186547","0.960820895522388","0.88724312441812","0.906040648240538"
"288","2009-12-31 - 2012-11-15","0.707106781186547","0.907264708726555","0.699854212223765","0.98155763350691","0.932357181591923","0.938679328162116"
"289","2010-01-07 - 2012-11-22","0.699854212223765","1","0.699854212223765","0.922666015583416","0.96302241062564","0.906904282711093"
"290","2010-01-14 - 2012-11-29","0.699854212223765","1","0.699854212223765","0.93123320045617","0.943926882570892","0.923664320789943"
"291","2010-01-21 - 2012-12-06","0.699854212223765","1","0.699854212223765","0.913370140876641","0.91746810074555","0.953055924533694"
"292","2010-01-28 - 2012-12-13","0.707106781186547","0.833333333333333","0.707106781186547","0.880469674199069","0.92952549573939","0.897733713103573"
"293","2010-02-04 - 2012-12-20","0.707106781186547","0.833333333333333","0.707106781186547","0.932058930609647","0.906976744186046","0.932058930609647"
"294","2010-02-11 - 2012-12-27","0.699854212223765","0.830539534499922","0.730296743340221","0.955555555555555","0.906581649115472","0.902843168088191"
"295","2010-02-18 - 2013-01-03","0.719268335724235","0.830539534499922","0.866025403784439","0.967032967032967","0.901127113779166","0.947338760639636"
"296","2010-02-25 - 2013-01-10","0.719268335724235","0.830539534499922","0.866025403784439","0.933091949359276","0.878638269331204","0.914361935104222"
"297","2010-03-04 - 2013-01-17","0.719268335724235","0.740068581176341","0.984731927834662","0.950833868448844","0.948284493388032","0.972531637567463"
"298","2010-03-11 - 2013-01-24","0.782623792124926","0.874740221177382","0.846617601775656","0.92925100014956","0.934581071852368","0.949820689487231"
"299","2010-03-18 - 2013-01-31","0.782623792124926","1","0.782623792124926","0.930858531120139","0.879316798931504","0.944124816453537"
"300","2010-03-25 - 2013-02-07","0.782623792124926","0.903696114115064","0.866025403784439","0.913774867910063","0.913411492712665","0.927515702649958"
"301","2010-04-01 - 2013-02-14","0.782623792124926","0.798198729716611","0.984731927834662","0.94373037465093","0.874642784226795","0.948449097855208"
"302","2010-04-08 - 2013-02-21","0.8238858408711","0.97979797979798","0.8238858408711","0.939240854186711","0.935557556719312","0.929629629629629"
"303","2010-04-15 - 2013-02-28","0.966091783079296","0.966353136197314","0.977008420918394","0.93040293040293","0.95970695970696","0.954212454212454"
"304","2010-04-22 - 2013-03-07","0.8238858408711","0.861640436855329","0.876500980178555","0.930459112458499","0.940776775729156","0.922919768817214"
"305","2010-04-29 - 2013-03-14","0.966091783079296","0.877876225140348","0.855235974119758","0.9599563117335","0.925879722151904","0.890049155945895"
"306","2010-05-06 - 2013-03-21","0.707106781186548","0.780998403470882","0.946713029468791","0.933715907985613","0.971891021856495","0.947804887743599"
"307","2010-05-13 - 2013-03-28","0.696310623822791","0.796540994324449","0.946713029468791","0.950393339267559","0.947475553069377","0.962927919288658"
"308","2010-05-20 - 2013-04-04","0.966091783079296","0.900382634710871","0.819756061276768","0.9229164678181","0.969113387955229","0.934760060036355"
"309","2010-05-27 - 2013-04-11","0.977589800571701","0.977589800571701","1","0.963584514194326","0.947463768115942","0.976335159939809"
"310","2010-06-03 - 2013-04-18","0.876500980178555","0.829379750900698","0.735528283132314","0.947463768115942","0.957992490721473","0.939710191280223"
"311","2010-06-10 - 2013-04-25","0.8553372034477","0.8553372034477","1","0.98011010158449","0.946365548654279","0.970689583310759"
"312","2010-06-17 - 2013-05-02","0.817253647924793","0.8553372034477","0.690065559342354","0.9296828552289","0.965710264133578","0.93003796638885"
"313","2010-06-24 - 2013-05-09","0.949671470496983","0.882298803383059","0.87831006565368","0.904506387434784","0.983819314622025","0.927710632505692"
"314","2010-07-01 - 2013-05-16","0.92519167947291","0.849551381601975","0.781459026871026","0.958415436996335","0.998225375708923","0.956454710572022"
"315","2010-07-08 - 2013-05-23","0.87983086250792","0.916348545308252","0.882298803383059","0.971040251666384","0.978494623655914","0.949259909572932"
"316","2010-07-15 - 2013-05-30","0.929669680201368","0.872871560943969","0.719268335724235","0.960245777799368","0.949147388963092","0.962371773068588"
"317","2010-07-22 - 2013-06-06","1","0.860706876079547","0.860706876079547","0.953472586913473","0.912215376148484","0.875718617988254"
"318","2010-07-29 - 2013-06-13","0.890508816565537","0.819682566228848","0.874740221177382","0.935306588585162","0.948663777617214","0.952406510735152"
"319","2010-08-05 - 2013-06-20","0.907264708726555","0.703771094792321","0.683425714376264","0.954793604495592","0.969383531394387","0.985617887409268"
"320","2010-08-12 - 2013-06-27","0.87287156094397","0.882298803383059","0.772964907013732","0.965646065969953","0.947023111056723","0.964053725640498"
"321","2010-08-19 - 2013-07-04","0.806941386442907","0.957841488692319","0.835617154972659","0.973109225526501","0.974904630001642","0.98932384341637"
"322","2010-08-26 - 2013-07-11","0.862481726365586","0.694365074829414","0.704984558195202","0.95100969890968","0.952718612595084","0.969480916105608"
"323","2010-09-02 - 2013-07-18","0.969032708552143","0.694365074829414","0.747624965762176","0.985720572217573","0.971071859279107","0.967609916497255"
"324","2010-09-09 - 2013-07-25","0.886178861788618","0.766419189467318","0.847569456587386","0.956520023604083","0.98743426640386","0.974603449203481"
"325","2010-09-16 - 2013-08-01","0.966193257979327","0.766068933135764","0.814944909991672","0.967757666065551","0.952998639853712","0.987580628214033"
"326","2010-09-23 - 2013-08-08","0.968329663731488","0.765737516752901","0.81953754706223","0.965710264133578","0.949012347628061","0.972816823596227"
"327","2010-09-30 - 2013-08-15","0.842178169548504","0.862763526266403","0.993399267798783","0.974935443994014","0.967298309053887","0.978441370786404"
"328","2010-10-07 - 2013-08-22","0.830539534499922","0.810248643506187","0.982361498156574","0.981891607398431","0.988977271981873","0.970935029661912"
"329","2010-10-14 - 2013-08-29","0.756644449203734","0.766900912236803","0.982361498156574","0.938188021098331","0.941824408777007","0.981884057971015"
"330","2010-10-21 - 2013-09-05","0.800725294799925","0.867618907379277","0.915985211100996","0.95496890639224","0.969298210566951","0.945460796455682"
"331","2010-10-28 - 2013-09-12","0.799096147039384","0.873983739837399","0.915985211100996","0.954879868647968","0.967581703269119","0.974866921195083"
"332","2010-11-04 - 2013-09-19","0.8315218406203","0.807576584844773","0.980214257341716","0.952554744525547","0.95844785746359","0.969298210566951"
"333","2010-11-11 - 2013-09-26","0.826033187630902","0.809345648486844","0.984649122807018","0.96373831820675","0.963830941785799","0.992845953588775"
"334","2010-11-18 - 2013-10-03","0.782013713029601","0.809345648486844","0.934253091118684","0.951086956521739","0.972876816701948","0.945751998392414"
"335","2010-11-25 - 2013-10-10","0.846414739030318","0.864747136809061","0.928994070395079","0.952884787363833","0.972657343464367","0.953335192182658"
"336","2010-12-02 - 2013-10-17","0.855235974119758","0.869837977884056","0.903805308176335","0.939465788125316","0.965600508304035","0.978577669520344"
"337","2010-12-09 - 2013-10-24","0.704057578618629","0.884439574635107","0.822429188200866","0.988977271981873","0.969336251351509","0.974721686890724"
"338","2010-12-16 - 2013-10-31","0.809039834955891","0.77567175188134","0.880771012101089","0.922323442969122","0.95844785746359","0.950729224981596"
"339","2010-12-23 - 2013-11-07","0.547722557505166","0.864747136809061","0.655811326202301","0.946328592355792","0.971323572677483","0.969389659557362"
"340","2010-12-30 - 2013-11-14","0.752101433090355","0.763762615825973","0.984731927834662","0.951037342470938","0.972752998766597","0.987388990162798"
"341","2011-01-06 - 2013-11-21","0.752101433090355","0.891882585015845","0.91993531932171","0.970689583310759","0.937558047384237","0.974826450685809"
"342","2011-01-13 - 2013-11-28","0.87287156094397","0.763762615825973","0.833333333333333","0.95848547241847","0.978441370786404","0.98217624845026"
"343","2011-01-20 - 2013-12-05","0.774596669241483","0.766666666666667","0.903696114115064","0.904722847391618","0.92458787676825","0.980130365429099"
"344","2011-01-27 - 2013-12-12","0.839921051131616","0.958333333333333","0.860919077409906","0.945482246588532","0.963428136128289","0.987401812647071"
"345","2011-02-03 - 2013-12-19","0.855782575622346","0.900376704873138","0.965909090909091","0.936053731391974","0.963978047018582","0.971011814947934"
"346","2011-02-10 - 2013-12-26","0.774596669241483","0.738530790565681","0.975612154348684","0.913967952934492","0.913369134675932","0.98918887157909"
"347","2011-02-17 - 2014-01-02","0.797924998575035","0.826033187630902","0.982361498156574","0.895704032750615","0.914418553137774","0.958389950669119"
"348","2011-02-24 - 2014-01-09","0.860919077409906","0.869837977884056","0.982361498156574","0.95636995949171","0.937844346000838","0.961762993373543"
"349","2011-03-03 - 2014-01-16","0.627717970705211","0.687609640380252","0.90856113111292","0.921458558038641","0.906580957302399","0.939837356743334"
"350","2011-03-10 - 2014-01-23","0.859544494960406","0.832291014809924","0.906005251954535","0.976252319873178","0.954545454545455","0.954064767148788"
"351","2011-03-17 - 2014-01-30","0.821583836257749","0.997923154559828","0.819877533613699","0.917128627075901","0.957487772504178","0.942810846897893"
"352","2011-03-24 - 2014-02-06","0.730296743340221","0.81953754706223","0.864508091293282","0.914467361364283","0.926607064401724","0.955330294442451"
"353","2011-03-31 - 2014-02-13","0.821583836257749","0.81953754706223","0.997509336107633","0.961762993373543","0.944859326763351","0.943366651168473"
"354","2011-04-07 - 2014-02-20","0.798198729716611","0.901694569876703","0.884005143317615","0.908505757636374","0.941437112097133","0.917455328237707"
"355","2011-04-14 - 2014-02-27","0.70417879021953","0.81953754706223","0.775880177444458","0.954130046512667","0.981521159234632","0.938627235743964"
"356","2011-04-21 - 2014-03-06","0.798198729716611","0.901694569876703","0.884005143317615","0.944616160887081","0.936156326090784","0.944058824658252"
"357","2011-04-28 - 2014-03-13","0.866025403784439","0.89566858950296","0.979795897113271","0.843645408510711","0.8714859437751","0.875331621036935"
"358","2011-05-05 - 2014-03-20","0.767108082668685","0.767981717469464","0.819756061276768","0.980703504747555","0.895252711728218","0.915492964158787"
"359","2011-05-12 - 2014-03-27","0.966091783079296","0.89566858950296","0.819756061276768","0.923095422468676","0.923981089634036","0.955283734009209"
"360","2011-05-19 - 2014-04-03","0.876743879166225","0.766419189467318","0.753692210422761","0.964568549011961","0.906951269948174","0.945105862986217"
"361","2011-05-26 - 2014-04-10","0.853459781186636","0.819877533613699","0.819756061276768","0.943271661997577","0.888888888888889","0.878286349166846"
"362","2011-06-02 - 2014-04-17","0.765547332155259","0.766419189467318","0.819756061276768","0.902139132035705","0.917527536772117","0.894408613933863"
"363","2011-06-09 - 2014-04-24","0.794697758208534","0.740068581176341","0.845669707605635","0.925431117321421","0.941788762354988","0.950548697393492"
"364","2011-06-16 - 2014-05-01","0.680941861087874","0.668028911247579","0.845669707605635","0.899098025577174","0.967032967032967","0.945403503289303"
"365","2011-06-23 - 2014-05-08","0.865920832752278","0.740068581176341","0.743461595271897","0.925920648415982","0.961927083033583","0.907897756725264"
"366","2011-06-30 - 2014-05-15","0.948683298050514","0.798198729716611","0.696310623822791","0.833673114627035","0.906066314982823","0.942383490198803"
"367","2011-07-07 - 2014-05-22","0.862481726365586","0.889467562209904","0.766900912236803","0.929012535279153","0.924938699604083","0.950947461886732"
"368","2011-07-14 - 2014-05-29","0.764350943706638","0.979517745972286","0.756543272772441","0.894339622641509","0.912928759684411","0.983439517546215"
"369","2011-07-21 - 2014-06-05","0.748533920609501","0.884906328673445","0.687609640380252","0.857341520491467","0.947379265409304","0.899103450823968"
"370","2011-07-28 - 2014-06-12","0.907264708726555","0.907264708726555","1","0.952814636340824","0.962026889378135","0.978267290685395"
"371","2011-08-04 - 2014-06-19","0.798198729716611","0.821583836257749","0.984937058954028","0.914280945853127","0.917660923908302","0.98893662218644"
"372","2011-08-11 - 2014-06-26","0.730296743340222","0.703526470681448","0.880771012101089","0.926462441134897","0.865277731322461","0.93463858316267"
"373","2011-08-18 - 2014-07-03","0.697277051246695","0.728477819610871","0.99250925782366","0.944765800387809","0.974630061512263","0.965636755589112"
"374","2011-08-25 - 2014-07-10","0.677294081420525","0.705345615858598","0.87583175345773","0.938744455883067","0.950183643171288","0.938188021098331"
"375","2011-09-01 - 2014-07-17","0.533001790889026","0.583333333333333","0.710669054518701","0.926495634411702","0.94108250292041","0.968923008538878"
"376","2011-09-08 - 2014-07-24","0.632455532033676","0.632455532033676","1","0.957487772504178","0.983738753675929","0.969193440762638"
"377","2011-09-15 - 2014-07-31","0.772964907013732","0.770008610068697","0.869626356546304","0.962026889378135","0.979985748681884","0.943366651168473"
"378","2011-09-22 - 2014-08-07","0.740464976715805","0.731508414296527","0.863112209719666","0.944964740392074","0.956684934562236","0.966905438231792"
"379","2011-09-29 - 2014-08-14","0.627717970705211","0.627717970705211","1","0.952655389269627","0.943661320298811","0.98011010158449"
"380","2011-10-06 - 2014-08-21","0.810337620269187","0.814944909991672","0.997509336107633","0.930146521317959","0.964558156012821","0.945629852557357"
"381","2011-10-13 - 2014-08-28","0.796157720660926","0.782013713029601","0.896150845684142","0.979757126328098","0.912189370656392","0.91088137883517"
"382","2011-10-20 - 2014-09-04","0.907645374674529","0.766419189467318","0.819877533613699","0.950473115601113","0.959485973306314","0.992680652390226"
"383","2011-10-27 - 2014-09-11","0.86087770209613","0.753692210422761","0.925193240761676","0.960170137123033","0.954218855895402","0.963693709100457"
"384","2011-11-03 - 2014-09-18","0.966950404297282","0.901819276961163","0.898100418739418","0.968961870386223","0.960006347170385","0.946803335231996"
"385","2011-11-10 - 2014-09-25","0.997923154559828","0.752212880291543","0.753778361444409","0.9255069154747","0.899799247683275","0.845597116101173"
"386","2011-11-17 - 2014-10-02","0.755516058079039","0.747624965762176","0.99250925782366","0.98918887157909","0.941427411307626","0.912604902379835"
"387","2011-11-24 - 2014-10-09","0.819877533613699","0.8837807786608","0.853349017374805","0.926426352015863","0.95792878970225","0.926843949715783"
"388","2011-12-01 - 2014-10-16","0.833601608004011","0.797053396986086","0.842927230423524","0.936934735316768","0.934091000913323","0.939304572571791"
"389","2011-12-08 - 2014-10-23","0.826616064232397","0.804399666539844","0.840778859694445","0.936725894002005","0.932051303854869","0.938012429837036"
"390","2011-12-15 - 2014-10-30","0.792859682078619","0.783267275757344","0.99250925782366","0.854972286190176","0.929987259097313","0.941754866140014"
"391","2011-12-22 - 2014-11-06","0.632455532033676","0.540295467239169","0.83753151271601","0.854077570093803","0.887912148903886","0.819680428040615"
"392","2011-12-29 - 2014-11-13","0.704984558195202","0.740464976715805","0.869626356546304","0.934109723538812","0.935971765603337","0.904646049108336"
"393","2012-01-05 - 2014-11-20","0.805696637937373","0.901819276961163","0.876491833906398","0.956989249218658","0.902881025528638","0.937155020578413"
"394","2012-01-12 - 2014-11-27","0.898395136417273","0.903233676839729","0.977589800571701","0.958618498042034","0.947981592147517","0.919783301586338"
"395","2012-01-19 - 2014-12-04","0.8837807786608","0.819877533613699","0.853349017374805","0.955719557195572","0.927912860612157","0.948245612537921"
"396","2012-01-26 - 2014-12-11","0.835956655223083","0.810337620269187","0.853349017374805","0.941488298602963","0.937558047384237","0.904969133057204"
"397","2012-02-02 - 2014-12-18","0.979033311009585","0.865920832752278","0.905380460153207","0.9672476864195","0.930047610798718","0.972987187644924"
"398","2012-02-09 - 2014-12-25","1","0.997923154559828","0.997923154559828","0.969070963601097","0.92017869831867","0.950528218000225"
"399","2012-02-16 - 2015-01-01","0.986793716145314","0.982299486257503","0.986636370419025","0.877149892816244","0.854739556908961","0.935953949736798"
"400","2012-02-23 - 2015-01-08","0.982361498156574","0.982299486257503","0.977589800571701","0.940839049491647","0.931037937809627","0.994550368147641"
"401","2012-03-01 - 2015-01-15","0.907594802639831","0.898395136417273","0.986636370419025","0.936964843939745","0.952087860005152","0.962433219707791"
"402","2012-03-08 - 2015-01-22","0.878217985391646","0.871601928910566","0.993399267798783","0.98363560249448","0.940024860490338","0.943021079045913"
"403","2012-03-15 - 2015-01-29","0.853944314283187","0.921954445729289","0.896111268082997","0.962789945257332","0.961762993373543","0.931462154187283"
"404","2012-03-22 - 2015-02-05","0.91192571828587","0.888835243387457","0.89773105807451","0.954064767148788","0.914096938889242","0.959911552712609"
"405","2012-03-29 - 2015-02-12","0.891603129397198","0.918971327846986","0.884906328673445","0.983753767889095","0.95100969890968","0.954050565350543"
"406","2012-04-05 - 2015-02-19","0.897752116496489","0.926520765622867","0.751650041823003","0.901125072337831","0.896938384077734","0.944859326763351"
"407","2012-04-12 - 2015-02-26","0.870927053138519","0.87143358086952","0.849691351626003","0.98011010158449","0.959911552712609","0.947023111056723"
"408","2012-04-19 - 2015-03-05","0.921954445729289","0.87143358086952","0.949671470496983","0.955330294442451","0.976485337189747","0.946954382411193"
"409","2012-04-26 - 2015-03-12","0.920151991520966","0.819490253491878","0.861640436855329","0.941057061366015","0.958271916942252","0.953645161532004"
"410","2012-05-03 - 2015-03-19","0.992156741649222","0.869224359323935","0.863580150705034","0.969493415778974","0.980219959412768","0.981890502873118"
"411","2012-05-10 - 2015-03-26","0.89117590001106","0.922843833771423","0.872643656563557","0.982085161343736","0.958433993312954","0.969148579151969"
"412","2012-05-17 - 2015-04-02","0.89036323608559","0.831255052885078","0.808122912053357","0.910169814325377","0.961877892483131","0.97274691422784"
"413","2012-05-24 - 2015-04-09","0.927201691971245","0.870736236454243","0.87145452935015","0.943661320298811","0.960388946971157","0.978519765479286"
"414","2012-05-31 - 2015-04-16","0.907054350163311","0.866541253370805","0.931720985556876","0.981942066659097","0.954766548209122","0.980286738351254"
"415","2012-06-07 - 2015-04-23","0.92031842328153","0.906177339729669","0.890587252791528","0.941538421224348","0.974966758870505","0.964024372222203"
"416","2012-06-14 - 2015-04-30","0.982624571240415","0.929164196859422","0.921954445729289","0.951365250141703","0.980290843427065","0.971434766823116"
"417","2012-06-21 - 2015-05-07","0.985678234940665","0.98772959664959","0.997923154559828","0.932939740666456","0.955882352941177","0.955330294442451"
"418","2012-06-28 - 2015-05-14","0.834322329798262","0.978279740156158","0.794697758208534","0.900046286956707","0.989203640772339","0.891384912828536"
"419","2012-07-05 - 2015-05-21","0.854166666666667","0.834322329798262","0.977589800571701","0.94684516395709","0.951251619796444","0.930537331478284"
"420","2012-07-12 - 2015-05-28","0.980196058819607","0.909508593886249","0.907264708726555","0.937155020578413","0.937275753863267","0.948436230811424"
"421","2012-07-19 - 2015-06-04","0.863419875332321","0.888915597889327","0.977589800571701","0.947001764315881","0.946803335231996","0.953288583844153"
"422","2012-07-26 - 2015-06-11","0.862190478683998","0.895976124997938","0.743461595271897","0.979494560523917","0.911949905150165","0.919546979274776"
"423","2012-08-02 - 2015-06-18","0.938799105226707","0.90789861040751","0.979033311009585","0.951598535479786","0.904507842798015","0.914300641764989"
"424","2012-08-09 - 2015-06-25","0.870682440864254","0.946713029468791","0.832926730072566","0.990477987263285","0.885496183206107","0.910477842138173"
"425","2012-08-16 - 2015-07-02","0.819975955756089","0.946228744653904","0.866572655279043","0.977639163866558","0.891078198720009","0.897753035064176"
"426","2012-08-23 - 2015-07-09","0.930537684965936","0.780386975427976","0.690645459293318","0.910676690169693","0.979570734316523","0.878674637957324"
"427","2012-08-30 - 2015-07-16","0.809344648274097","0.901170233003718","0.756644449203734","0.95793329884999","0.976274790162722","0.931609724598659"
"428","2012-09-06 - 2015-07-23","0.827469204594857","0.756543272772441","0.7","0.960467306249333","0.919600979743406","0.922040255326201"
"429","2012-09-13 - 2015-07-30","0.904102802781688","0.847622404410133","0.690645459293318","0.947175084597147","0.958070763398443","0.90637339825623"
"430","2012-09-20 - 2015-08-06","0.731056545949061","0.92519167947291","0.703526470681448","0.947115218681736","0.924218950012779","0.963884346645315"
"431","2012-09-27 - 2015-08-13","0.802735811708979","0.92175364981147","0.799786751962092","0.952438461571692","0.92214753264541","0.934220827210894"
"432","2012-10-04 - 2015-08-20","0.862812673979353","0.934028924988609","0.746467635164619","0.985599984521802","0.969430732324079","0.956601925716228"
"433","2012-10-11 - 2015-08-27","0.861259511197077","0.934028924988609","0.832291014809924","0.960005179421815","0.96198177889119","0.944968445047438"
"434","2012-10-18 - 2015-09-03","0.885714573912796","0.886827011858654","0.831385644927993","0.976485337189747","0.952521364602217","0.931177813238059"
"435","2012-10-25 - 2015-09-10","0.939854881945438","0.860697894618586","0.829700971170696","0.982085161343736","0.952852299231379","0.954868546107457"
"436","2012-11-01 - 2015-09-17","0.93998462746044","0.859072401393258","0.831385644927993","0.982142857142857","0.934788954839335","0.952940196680875"
"437","2012-11-08 - 2015-09-24","0.861259511197077","0.949596073738419","0.826033187630902","0.970934768862361","0.950366841694723","0.918192279333181"
"438","2012-11-15 - 2015-10-01","0.827380700481593","0.867721831274625","0.917662935482247","0.945346561267809","0.965393274934679","0.908081926442185"
"439","2012-11-22 - 2015-10-08","0.979517745972286","0.92175364981147","0.88865936739042","0.932537649118143","0.906066314982823","0.87352495618727"
"440","2012-11-29 - 2015-10-15","1","0.88865936739042","0.88865936739042","0.941538421224348","0.908536985006664","0.897896992675507"
"441","2012-12-06 - 2015-10-22","0.907645374674529","0.871182039034901","0.966950404297282","0.933924521520362","0.927736305570534","0.899889752624316"
"442","2012-12-13 - 2015-10-29","0.907264708726555","0.907264708726555","0.833333333333333","0.970790100330348","0.954336030833223","0.940959409594096"
"443","2012-12-20 - 2015-11-05","0.766068933135764","0.728717836066274","0.556406705143567","0.952733571813034","0.940973108470786","0.944401072859902"
"444","2012-12-27 - 2015-11-12","0.828700020537159","0.835617154972659","0.690645459293318","0.95793329884999","0.959820720665598","0.922367564632403"
"445","2013-01-03 - 2015-11-19","0.783966309609778","0.837230631025023","0.674601052538891","0.983919712826962","0.974994280203519","0.971020866309947"
"446","2013-01-10 - 2015-11-26","0.766419189467318","0.832926730072566","0.692820323027551","0.992715672337676","0.974606097344677","0.976455684591533"
"447","2013-01-17 - 2015-12-03","0.828700020537159","0.719268335724235","0.86410729422289","0.941605839416058","0.949097184134358","0.960006347170385"
"448","2013-01-24 - 2015-12-10","0.82325395921629","0.767108082668685","0.957617130008434","0.978081035537084","0.948555054278647","0.949097184134358"
"449","2013-01-31 - 2015-12-17","0.894316332209885","0.830539534499922","0.912008160265281","0.955247722302031","0.94235681881646","0.967279122527737"
"450","2013-02-07 - 2015-12-24","1","0.949671470496983","0.949671470496983","0.958107236054344","0.95065415136527","0.992680652390226"
"451","2013-02-14 - 2015-12-31","1","0.968329663731488","0.968329663731488","0.949999086890974","0.916823885888587","0.948781976507617"
"452","2013-02-21 - 2016-01-07","0.877876225140348","0.656221199464222","0.748533920609501","0.931037937809627","0.930153345023844","0.934467186758811"
"453","2013-02-28 - 2016-01-14","0.993421052631579","0.752384124862446","0.769483764063866","0.961901734809458","0.965833586749593","0.967489818383057"
"454","2013-03-07 - 2016-01-21","0.889467562209904","0.752384124862446","0.831602628799857","0.960151229746776","0.965531552676664","0.990894175691185"
"455","2013-03-14 - 2016-01-28","0.917903662024107","0.826033187630902","0.799786751962092","0.970476875734578","0.942542015629863","0.943402943441096"
"456","2013-03-21 - 2016-02-04","0.884005143317615","0.850678546253679","0.869324560126823","0.920098171480245","0.947201761226502","0.958335052111871"
"457","2013-03-28 - 2016-02-11","0.854452684732246","0.841508397872189","0.869475419053794","0.934072200588589","0.950859107917119","0.969161370543869"
"458","2013-04-04 - 2016-02-18","0.722472194762751","0.826033187630902","0.618487319469645","0.967558893693794","0.949171099191308","0.893542580822409"
"459","2013-04-11 - 2016-02-25","0.910896763840717","0.600081400645212","0.578963733730468","0.903512076527831","0.961316026640496","0.891305271558524"
"460","2013-04-18 - 2016-03-03","0.893437780087558","0.774596669241483","0.728477819610871","0.891334486962309","0.972547364117174","0.867396752369502"
"461","2013-04-25 - 2016-03-10","0.854452684732246","0.838989358053803","0.689163765077611","0.935255320091117","0.933382935189895","0.997997995989972"
"462","2013-05-02 - 2016-03-17","0.90856113111292","0.884906328673445","0.81953754706223","0.854368231384718","0.923951443329471","0.855242849448713"
"463","2013-05-09 - 2016-03-24","0.90856113111292","0.862763526266403","0.765737516752901","0.923413851311655","0.949197372274239","0.89597844408377"
"464","2013-05-16 - 2016-03-31","0.816511576686673","0.969032708552143","0.674083811190765","0.964568549011961","0.901147198531536","0.915702785418272"
"465","2013-05-23 - 2016-04-07","0.818982116603942","0.993883734673619","0.809039834955891","0.956464821465568","0.981922060059708","0.929889298892989"
"466","2013-05-30 - 2016-04-14","0.986793716145314","0.982299486257503","0.986636370419025","0.919820613257703","0.941391941391941","0.960950803281422"
"467","2013-06-06 - 2016-04-21","0.90856113111292","0.862763526266403","0.765737516752901","0.944707953962265","0.967489818383057","0.937974711011316"
"468","2013-06-13 - 2016-04-28","0.993421052631579","0.849691351626003","0.862763526266403","0.888557958949767","0.959939111118833","0.86958335186467"
"469","2013-06-20 - 2016-05-05","0.991199045235248","0.751650041823003","0.770286804692482","0.895878168852991","0.924011135950476","0.879227320039237"
"470","2013-06-27 - 2016-05-12","0.913171166292152","0.993399267798783","0.89566858950296","0.907315663081304","0.967609916497255","0.87448799114508"
"471","2013-07-04 - 2016-05-19","0.997509336107633","0.893437780087558","0.89566858950296","0.885937963113282","0.961028835975499","0.934777045993601"
"472","2013-07-11 - 2016-05-26","0.910711772743909","0.89773105807451","0.798198729716611","0.926777543937292","0.941838769723066","0.966397345551956"
"473","2013-07-18 - 2016-06-02","0.888985968748427","0.910555787475574","0.894427190999916","0.978285311689117","0.967581703269119","0.963477180553848"
"474","2013-07-25 - 2016-06-09","0.85485041426511","0.91625005868512","0.900382634710871","0.920972367099228","0.947519743289129","0.953472586913473"
"475","2013-08-01 - 2016-06-16","0.768596604689834","0.921049995854382","0.744690751488628","0.92644075828482","0.978285311689117","0.921215391058353"
"476","2013-08-08 - 2016-06-23","0.925454432488758","0.918971327846986","0.97538297669147","0.967723012101077","0.967723012101077","1"
"477","2013-08-15 - 2016-06-30","0.876894652502745","0.982607368881035","0.839921051131616","0.9672112603378","0.9672112603378","0.955719557195572"
"478","2013-08-22 - 2016-07-07","0.993957648609293","0.969489370005787","0.96303635673335","0.937956204379562","0.97228693131049","0.92581050055951"
"479","2013-08-29 - 2016-07-14","0.910778827317125","0.921012577428908","0.864189521697506","0.965595166143021","0.969383531394387","0.963529318081743"
"480","2013-09-05 - 2016-07-21","0.960850810892315","0.932336122862797","0.890508816565537","0.976466937503821","0.983738753675929","0.948245612537921"
"481","2013-09-12 - 2016-07-28","0.960501036263835","0.960501036263835","1","0.958448726870839","0.953054953850595","0.979668956423193"
"482","2013-09-19 - 2016-08-04","0.921954445729289","0.835956655223083","0.882298803383059","0.968961870386223","0.961648950609723","0.929889298892989"
"483","2013-09-26 - 2016-08-11","0.887211060179248","0.826292091629622","0.674199862463242","0.981980506061966","0.969590102423632","0.938195292857599"
"484","2013-10-03 - 2016-08-18","0.871601928910566","0.946228744653904","0.756644449203734","0.931817944986438","0.949222385710498","0.897230318634751"
"485","2013-10-10 - 2016-08-25","0.789514618821801","0.861132947525909","0.780720058358826","0.866411627533424","0.963978047018582","0.871107659910494"
"486","2013-10-17 - 2016-09-01","0.835956655223083","0.883794340881854","0.87831006565368","0.945165987269381","0.954766548209122","0.907163495656251"
"487","2013-10-24 - 2016-09-08","0.789514618821801","0.789514618821801","1","0.923324594415143","0.965080051655174","0.981514117763959"
"488","2013-10-31 - 2016-09-15","0.835956655223083","0.810337620269187","0.853349017374805","0.956022224963236","0.971011814947934","0.935794248088652"
"489","2013-11-07 - 2016-09-22","0.877058019307029","0.877058019307029","1","0.960371885328679","0.960371885328679","1"
"490","2013-11-14 - 2016-09-29","0.877561930879374","0.875376219064817","0.997509336107633","0.935882339078952","0.9565217522011","0.945521885604574"
"491","2013-11-21 - 2016-10-06","0.870913638679368","0.868744485526139","0.997509336107633","0.926843949715783","0.916673242915885","0.902111556720343"
"492","2013-11-28 - 2016-10-13","0.870913638679368","0.860013163567532","0.893437780087558","0.957838475659934","0.959564082960594","0.98885441645246"
"493","2013-12-05 - 2016-10-20","0.856229975527817","0.853409566410356","0.821583836257749","0.961877892483131","0.947175084597147","0.973984425227611"
"494","2013-12-12 - 2016-10-27","0.870988340711385","0.918971327846986","0.798198729716611","0.960158717038366","0.969210505101082","0.955396936196549"
"495","2013-12-19 - 2016-11-03","0.845736918882338","0.887211060179248","0.966091783079296","0.932463334732227","0.972888093968799","0.942097218874634"
"496","2013-12-26 - 2016-11-10","0.872197207831267","0.887211060179248","0.977589800571701","0.983620366437559","0.937919581197782","0.933091949359276"
"497","2014-01-02 - 2016-11-17","0.827721918366601","0.923431084767197","0.782623792124926","0.927028703910787","0.964213449030021","0.972446488971523"
"498","2014-01-09 - 2016-11-24","0.878114079917523","0.923188150966806","0.86410729422289","0.939581478759106","0.96416389927542","0.965229743810653"
"499","2014-01-16 - 2016-12-01","0.857690027870236","0.889363451117885","0.86410729422289","0.948513440930338","0.958181818181818","0.931937477884953"
"500","2014-01-23 - 2016-12-08","0.857690027870236","0.918971327846986","0.782623792124926","0.976594416738223","0.974830886023354","0.935344938897357"
"501","2014-01-30 - 2016-12-15","0.804084401128346","0.940986142950797","0.780998403470882","0.932310782127021","0.98568840844983","0.912934303185501"
"502","2014-02-06 - 2016-12-22","0.742093273493633","0.918375528122886","0.676123403782813","0.965349491933911","0.971185359519655","0.907120660649171"
"503","2014-02-13 - 2016-12-29","0.742093273493633","0.938948965408877","0.738702794215521","0.936891658644811","0.978301780363855","0.938587391541194"
"504","2014-02-20 - 2017-01-05","0.804084401128346","0.918375528122886","0.740743746987647","0.972547364117174","0.978423596260295","0.93391776181749"
"505","2014-02-27 - 2017-01-12","0.719890354651133","0.906890428197486","0.730296743340221","0.961599014950151","0.958271916942252","0.98899049023791"
"506","2014-03-06 - 2017-01-19","0.742093273493633","0.928476690885259","0.791473926564215","0.976509820007678","0.992831448793946","0.983560523988141"
"507","2014-03-13 - 2017-01-26","0.872197207831267","0.918971327846986","0.874740221177382","0.930077106651711","0.974754649932988","0.953645929808626"
"508","2014-03-20 - 2017-02-02","0.859177782722757","0.918971327846986","0.948683298050514","0.917082017337216","0.974754649932988","0.936816883988474"
"509","2014-03-27 - 2017-02-09","0.918375528122886","0.918375528122886","1","0.955813114601015","0.952423451830398","0.92446657359935"
"510","2014-04-03 - 2017-02-16","0.895976124997938","0.918971327846986","0.968329663731488","0.965349491933911","0.972883560509105","0.913967952934492"
"511","2014-04-10 - 2017-02-23","0.826292091629622","0.968863931626966","0.835617154972659","0.907906045435433","0.936388400681865","0.868227707102421"
"512","2014-04-17 - 2017-03-02","0.94426550601171","0.876546954099299","0.828700020537159","0.950039684874834","0.938131823396313","0.962238700708715"
"513","2014-04-24 - 2017-03-09","0.948683298050514","0.888934239205945","0.830539534499922","0.963999431734206","0.971351122508742","0.963661849245414"
"514","2014-05-01 - 2017-03-16","0.923186182344995","0.800094691365663","0.733333333333333","0.960151229746776","0.983939181856762","0.987510660683994"
"515","2014-05-08 - 2017-03-23","0.912011206122699","0.850439434923102","0.830539534499922","0.955060687155046","0.983901395448335","0.971185359519655"
"516","2014-05-15 - 2017-03-30","0.91118510884618","0.850439434923102","0.733333333333333","0.989266236577768","0.973143283251378","0.9637744419345"
"517","2014-05-22 - 2017-04-06","0.858395075278952","0.858395075278952","0.733333333333333","0.960056154050398","0.983870967741935","0.949125723453999"
"518","2014-05-29 - 2017-04-13","0.843139581410751","0.949871380291955","0.781459026871026","0.958335052111871","0.966012279167457","0.95662220882654"
"519","2014-06-05 - 2017-04-20","0.844728912852192","0.872356744289958","0.968329663731488","0.925642115270975","0.936649535909139","0.969062266825462"
"520","2014-06-12 - 2017-04-27","0.88206649105544","0.856432260493589","0.866572655279043","0.90272303145659","0.976274790162722","0.92976954146253"
"521","2014-06-19 - 2017-05-04","0.814215222512714","0.814215222512714","1","0.946671667258628","0.935922551895505","0.940645367931884"
"522","2014-06-26 - 2017-05-11","0.847215106982872","0.898420169531165","0.907264708726555","0.896032309848956","0.932630136486057","0.965518831492035"
"523","2014-07-03 - 2017-05-18","0.874502016864119","0.904735203930673","0.907645374674529","0.955791582619932","0.955791582619932","0.960144927536232"
"524","2014-07-10 - 2017-05-25","0.874502016864119","0.883193889551372","0.979517745972286","0.992592490601518","0.935383293927365","0.941298664678322"
"525","2014-07-17 - 2017-06-01","0.844728912852192","0.904735203930673","0.876743879166225","0.953538187293443","0.979950141189658","0.965344130355612"
"526","2014-07-24 - 2017-06-08","0.847622404410133","0.880179349792892","0.794697758208534","0.915517052271402","0.93649380969149","0.968641281059479"
"527","2014-07-31 - 2017-06-15","0.796880846782921","0.895633355742168","0.798843613627518","0.918221958134427","0.938101163679943","0.964528105038316"
"528","2014-08-07 - 2017-06-22","0.847622404410133","0.87190799690729","0.780720058358826","1","0.946103191681019","0.946103191681019"
"529","2014-08-14 - 2017-06-29","0.751916319320511","0.89036323608559","0.765547332155259","0.951645181323566","0.912759969004002","0.963847817909522"
"530","2014-08-21 - 2017-07-06","0.789514618821801","0.929411764705882","0.835956655223083","0.979538985068037","0.937653656924976","0.958183537715132"
"531","2014-08-28 - 2017-07-13","0.704984558195202","0.792550775579188","0.771516749810459","0.944089163069933","0.887521656149141","0.976335159939809"
"532","2014-09-04 - 2017-07-20","0.704984558195202","0.792550775579188","0.771516749810459","0.889151633015708","0.873037869711973","0.944655877909435"
"533","2014-09-11 - 2017-07-27","0.819877533613699","0.997923154559828","0.821583836257749","0.877077252824631","0.932601152655141","0.952438461571692"
"534","2014-09-18 - 2017-08-03","0.747624965762176","0.905418796928791","0.798198729716611","0.892985396087418","0.891977879806199","0.961275953083185"
"535","2014-09-25 - 2017-08-10","0.747624965762176","0.871182039034901","0.834286772193255","0.939792891426373","0.873992387451558","0.924232563754353"
"536","2014-10-02 - 2017-08-17","0.619779786800912","0.741292242988006","0.840778859694445","0.900577107201965","0.885900610675114","0.913734666161893"
"537","2014-10-09 - 2017-08-24","1","0.805696637937373","0.805696637937373","0.862194600503129","0.848842469802533","0.948440064629073"
"538","2014-10-16 - 2017-08-31","0.869626356546304","0.898395136417273","0.847308294530466","0.966044614083683","0.929577468094756","0.90515506644204"
"539","2014-10-23 - 2017-09-07","1","0.8837807786608","0.8837807786608","0.933458156591911","0.933703240818237","0.950190970944061"
"540","2014-10-30 - 2017-09-14","1","0.979033311009585","0.979033311009585","0.915385729888094","0.978969284737961","0.932436258576212"
"541","2014-11-06 - 2017-09-21","0.817253647924793","0.865920832752278","0.925820099772551","0.905968181226694","0.952231624256471","0.964770845222111"
"542","2014-11-13 - 2017-09-28","0.880952380952381","0.865920832752278","0.956296065296812","0.905968181226694","0.952231624256471","0.964770845222111"
"543","2014-11-20 - 2017-10-05","0.966987556830456","0.865920832752278","0.834624849531682","0.929513470086536","0.947023111056723","0.957824164787615"
"544","2014-11-27 - 2017-10-12","0.966987556830456","0.865920832752278","0.834624849531682","0.941448787015096","0.971185359519655","0.947303985021265"
"545","2014-12-04 - 2017-10-19","0.832926730072566","1","0.832926730072566","0.921318700784128","0.933102654579092","0.961699771302605"
"546","2014-12-11 - 2017-10-26","0.969032708552143","0.907645374674529","0.862481726365586","0.908145864616982","0.933647163245023","0.965344130355612"
"547","2014-12-18 - 2017-11-02","0.865920832752278","0.980196058819607","0.87143358086952","0.901963265893705","0.890997118103479","0.968939465445954"
"548","2014-12-25 - 2017-11-09","0.876743879166225","0.978201761618698","0.87143358086952","0.930779854829493","0.943446963099675","0.983855441743913"
"549","2015-01-01 - 2017-11-16","0.969032708552143","0.968750315217121","0.928300826371723","0.992831448793946","0.966012279167457","0.958572562642777"
"550","2015-01-08 - 2017-11-23","0.956296065296812","0.946638278862498","0.946228744653904","0.971185359519655","0.983843596344209","0.954879868647968"
"551","2015-01-15 - 2017-11-30","0.907264708726555","0.886177253177726","0.953973458476243","0.922515505770933","0.981980506061966","0.952998639853712"
"552","2015-01-22 - 2017-12-07","0.95946899448837","1","0.95946899448837","0.932939740666456","0.928577658232185","0.940682958399824"
"553","2015-01-29 - 2017-12-14","0.867532846881384","0.928293508474887","0.923093083245744","0.959581806668496","0.956678700361011","0.948466959487007"
"554","2015-02-05 - 2017-12-21","0.854961129691938","0.865511875778457","0.994100243495417","0.951553753318511","0.987427459114333","0.943019466546536"
"555","2015-02-12 - 2017-12-28","0.867532846881384","0.874392595079571","0.994100243495417","0.916927976516891","0.970986584646797","0.905973802306639"
"556","2015-02-19 - 2018-01-04","0.867532846881384","0.874392595079571","0.994100243495417","0.88125526553406","0.949191324724384","0.92376427932017"
"557","2015-02-26 - 2018-01-11","0.83402489626556","0.811131047503256","0.979517745972286","0.944552395821392","0.939465788125316","0.92644075828482"
"558","2015-03-05 - 2018-01-18","1","0.997965409896352","0.997965409896352","0.844551166535583","0.923229354219153","0.970689583310759"
"559","2015-03-12 - 2018-01-25","1","0.927778183470369","0.927778183470369","0.876123172761212","0.910929578723386","0.943446963099675"
"560","2015-03-19 - 2018-02-01","0.970776833643404","0.924184855458487","0.946638278862498","0.919666332710953","0.937810609936546","0.97827353837773"
"561","2015-03-26 - 2018-02-08","0.811131047503256","0.712236106635731","0.889798053772132","0.966905438231792","0.961704451949013","0.970257330293115"
"562","2015-04-02 - 2018-02-15","0.756543272772441","0.713718389418361","0.96303635673335","0.893665359371946","0.967298309053887","0.910035518062955"
"563","2015-04-09 - 2018-02-22","0.764350943706638","0.756543272772441","0.979517745972286","0.871256959588089","0.939744787243598","0.956182887467515"
"564","2015-04-16 - 2018-03-01","0.792550775579188","0.811131047503256","0.969032708552143","0.903953136879475","0.939744787243598","0.922567082829985"
"565","2015-04-23 - 2018-03-08","0.967069114419842","0.991869783800371","0.949671470496983","0.876156705225243","0.915966257782676","0.903896725641185"
"566","2015-04-30 - 2018-03-15","0.895976124997938","0.905099950235254","0.815810160814019","0.893017509680994","0.98729049136222","0.904075218239502"
"567","2015-05-07 - 2018-03-22","0.819068641986253","0.923093083245744","0.900376704873138","0.872573660326061","0.950729927007299","0.924466807526069"
"568","2015-05-14 - 2018-03-29","0.851111181868996","0.846641699907157","0.817423891369599","0.950473115601113","0.97839673284433","0.965646065969953"
"569","2015-05-21 - 2018-04-05","0.951661902861773","0.85119228255829","0.819891591749923","0.948339483394834","0.943248755824237","0.965227367610433"
"570","2015-05-28 - 2018-04-12","0.951661902861773","0.982872186934322","0.903696114115064","0.939114391143912","0.965386333431502","0.965386333431502"
"571","2015-06-04 - 2018-04-19","0.891219265926631","0.939866605769788","0.845238095238095","0.892783613100734","0.983527630179549","0.91075848448819"
"572","2015-06-11 - 2018-04-26","0.904735203930673","0.928726920425144","0.859500135336186","0.955953885147843","0.964107341246869","0.967338931897409"
"573","2015-06-18 - 2018-05-03","0.894948409149242","0.897665623396915","0.902023210225439","0.989215032983754","0.941937736539828","0.960256249647483"
"574","2015-06-25 - 2018-05-10","0.969057762564512","0.928018070609866","0.875754976412629","0.969430732324079","0.954831073095803","0.940122827606225"
"575","2015-07-02 - 2018-05-17","0.807014983421785","0.928018070609866","0.76682559411026","0.963869346772196","0.974956837307896","0.958335052111871"
"576","2015-07-09 - 2018-05-24","1","0.915853025712031","0.915853025712031","0.992812178558241","0.976745748935984","0.973084132133711"
"577","2015-07-16 - 2018-05-31","0.929411764705882","0.914034655951424","0.944694099337635","0.969649041148808","0.965709702074406","0.954590938752198"
"578","2015-07-23 - 2018-06-07","0.887450358774456","0.921890957895741","0.94828989836615","0.965393274934679","0.932894271493368","0.972830189133229"
"579","2015-07-30 - 2018-06-14","0.881177701661551","0.93566647490636","0.946121887962842","0.971119133574007","0.952611845087418","0.970861114150396"
"580","2015-08-06 - 2018-06-21","0.916870732249194","0.929684676607086","0.948318086612412","0.97500621817173","0.954918516986739","0.954704995096295"
"581","2015-08-13 - 2018-06-28","0.994339622641509","0.945283018867924","0.954716981132075","0.975031727413419","0.967227555835893","0.982173259132045"
"582","2015-08-20 - 2018-07-05","0.922202798777997","0.949194623355017","0.969952229236758","0.99468085106383","0.980302457306631","0.971259076704171"
"583","2015-08-27 - 2018-07-12","0.990549974004629","0.945283018867924","0.952742723088422","0.978500908930073","0.95624703761453","0.941153958018995"
"584","2015-09-03 - 2018-07-19","0.951731341307012","0.946328849178769","0.941191720695556","0.973174540563757","0.980317309461534","0.961824541009723"
"585","2015-09-10 - 2018-07-26","0.956564468119088","1","0.956564468119088","0.954502246261629","0.960245777799368","0.965902699424237"
"586","2015-09-17 - 2018-08-02","0.994323511379983","0.951731341307012","0.969410040622154","0.97273370404575","0.971176092749538","0.958657902549227"
"587","2015-09-24 - 2018-08-09","0.900948733895262","0.968960044313243","0.940728297052884","0.960256249647483","0.94811918731998","0.934058116502869"
"588","2015-10-01 - 2018-08-16","0.87190799690729","0.949917759598166","0.909327411794895","0.971069611550166","0.956101686423891","0.958657902549227"
"589","2015-10-08 - 2018-08-23","0.861132947525909","0.937357634268633","0.923529411764706","0.947215969572609","0.965595166143021","0.965833586749593"
"590","2015-10-15 - 2018-08-30","0.864171220637214","0.885456172846875","0.970821640735134","0.955889551196277","0.945028373542063","0.960579646861756"
"591","2015-10-22 - 2018-09-06","0.862481726365586","0.854426091568508","0.951482394814743","0.886798766834631","0.950366841694723","0.943103295600184"
"592","2015-10-29 - 2018-09-13","0.900376704873138","0.896273275917545","0.961500350745087","0.947597504360228","0.978423596260295","0.954642099075047"
"593","2015-11-05 - 2018-09-20","0.928571428571429","0.940662704187091","0.909821304049809","0.972830189133229","0.960256249647483","0.950473115601113"
"594","2015-11-12 - 2018-09-27","0.928571428571429","0.940662704187091","0.909821304049809","0.990840699661392","0.987226277372263","0.987170919292275"
"595","2015-11-19 - 2018-10-04","0.880179349792892","0.988600302186495","0.904363092782368","0.996363636363636","0.952904805371329","0.949281593183605"
"596","2015-11-26 - 2018-10-11","0.900180054018006","0.899424029829187","0.86125243100906","0.951365250141703","0.98918887157909","0.939904743524144"
"597","2015-12-03 - 2018-10-18","0.966193257979327","0.875754976412629","0.86125243100906","0.992831448793946","0.985637018005584","0.98731884057971"
"598","2015-12-10 - 2018-10-25","0.923431084767197","0.882958128030553","0.819812797689701","0.98011010158449","0.971229305111322","0.958572562642777"
"599","2015-12-17 - 2018-11-01","0.864609460112263","0.904735203930673","0.800863565889291","0.992831448793946","0.952940196680875","0.937881961336098"
"600","2015-12-24 - 2018-11-08","0.864609460112263","0.937185360844135","0.838926859989823","0.952985283274956","0.932881598014326","0.919311785972374"
"601","2015-12-31 - 2018-11-15","0.883193889551372","0.919666332710953","0.94288089928893","0.972618330274473","0.948535822198228","0.969049076656676"
"602","2016-01-07 - 2018-11-22","0.874392595079571","0.862414614325056","0.841463414634146","0.95844785746359","0.974124755559456","0.932068419714881"
"603","2016-01-14 - 2018-11-29","0.883193889551372","0.93316198096919","0.857385914813174","0.963561406525205","0.933579335793358","0.941662283649632"
"604","2016-01-21 - 2018-12-06","0.827074195062288","0.891337623249849","0.748776780266767","0.899679302794577","0.927200433662217","0.95005864740568"
"605","2016-01-28 - 2018-12-13","0.921946574488946","0.904391800218184","0.823532105145348","0.967153284671533","0.959782225439454","0.965266695299108"
"606","2016-02-04 - 2018-12-20","0.867532846881384","0.841463414634146","0.867532846881384","0.939139248555897","0.972974552350202","0.937448627475614"
"607","2016-02-11 - 2018-12-27","0.886177253177726","0.851250799387901","0.815816218249463","0.952381099516795","0.983798156396534","0.94263970003753"
"608","2016-02-18 - 2019-01-03","0.841060908202155","0.863156404973746","0.816435350572485","0.952611051672152","0.934058116502869","0.937868075514055"
"609","2016-02-25 - 2019-01-10","0.802845528455285","0.90304688806576","0.864662344725158","0.965344130355612","0.9672112603378","0.935306588585162"
"610","2016-03-03 - 2019-01-17","0.872683126005444","0.878692642768945","0.8963743471513","0.992805661968784","0.973220492497423","0.965883580076839"
"611","2016-03-10 - 2019-01-24","0.852659544435022","0.931878351526172","0.838971660823001","0.956528017559053","0.963561406525205","0.961564265646067"
"612","2016-03-17 - 2019-01-31","0.759840018472733","0.86936576579953","0.923266108424739","0.978345725533457","0.949464670905163","0.967391304347826"
"613","2016-03-24 - 2019-02-07","0.76696498884737","0.871314976987769","0.902825752635934","0.954336030833223","0.945280656754438","0.970535715801205"
"614","2016-03-31 - 2019-02-14","0.757772228311384","0.841375841376262","0.65991201759609","0.983798156396534","0.974910394265233","0.969383531394387"
"615","2016-04-07 - 2019-02-21","0.800118544862472","0.818079733609198","0.683579626664504","0.937139883820031","0.961901734809458","0.928367306606431"
"616","2016-04-14 - 2019-02-28","0.851111181868996","0.833333333333333","0.810275039304574","0.933852284351098","0.969534050179211","0.939410928900807"
"617","2016-04-21 - 2019-03-07","0.662589156449079","0.703799185055771","0.610847221781526","0.938012429837036","0.948961991274823","0.959409594095941"
"618","2016-04-28 - 2019-03-14","0.966193257979327","0.833601608004011","0.767938009380538","0.940099453797906","0.974648563318525","0.94649446494465"
"619","2016-05-05 - 2019-03-21","0.76696498884737","0.870927053138519","0.64888568452305","0.957804899627494","0.967256359731473","0.932337317478614"
"620","2016-05-12 - 2019-03-28","0.919014088350606","0.800904094396484","0.802955068546966","0.930255817786066","0.956563906265455","0.899166280506559"
"621","2016-05-19 - 2019-04-04","0.874891549091694","0.826576893584295","0.801109192384627","0.959876741935053","0.960101569836159","0.912370597520514"
"622","2016-05-26 - 2019-04-11","0.874891549091694","0.819554395933996","0.838565858084535","0.951066412551286","0.960682437558329","0.939273065332527"
"623","2016-06-02 - 2019-04-18","0.928578075967776","0.861697282564977","0.826576893584295","0.969605934600216","0.969698517456223","0.961901734809458"
"624","2016-06-09 - 2019-04-25","0.900487143812139","0.879445453614914","0.868387027850055","0.954142895970229","0.971011814947934","0.976531779302525"
"625","2016-06-16 - 2019-05-02","0.838060758590449","0.826033187630902","0.766527261648592","0.952898550724638","0.96577987514385","0.96577987514385"
"626","2016-06-23 - 2019-05-09","0.983856452993345","0.802735811708979","0.775535668772193","0.948284493388032","0.959974747902514","0.9783186641991"
"627","2016-06-30 - 2019-05-16","0.922037113691412","0.955438679633297","0.897377893060564","0.969161370543869","0.978572240864816","0.976719814747914"
"628","2016-07-07 - 2019-05-23","0.955346343674412","0.809077551180463","0.901653061536178","0.968961870386223","0.9672112603378","0.965643531819406"
"629","2016-07-14 - 2019-05-30","0.905099950235254","0.846443973319036","0.876123172761212","0.97473559370492","0.989176121019067","0.960144927536232"
"630","2016-07-21 - 2019-06-06","0.978748340190157","0.860813916426058","0.891015013062285","0.989247311827957","0.956770734517508","0.96577987514385"
"631","2016-07-28 - 2019-06-13","0.873983739837399","0.772709252705663","0.772709252705663","0.962176218893314","0.958146224573176","0.96701633527502"
"632","2016-08-04 - 2019-06-20","0.994117647058824","0.868403604702313","0.874392595079571","0.948724313538998","0.94811918731998","0.929207981703791"
"633","2016-08-11 - 2019-06-27","0.892945692449812","0.875877656945053","0.833569639401697","0.954436771993716","0.952752469819994","0.933829840458721"
"634","2016-08-18 - 2019-07-04","0.980703504747555","0.810905888112178","0.863033942673691","0.965094784069558","0.992337051826385","0.972547364117174"
"635","2016-08-25 - 2019-07-11","0.862532333935154","0.919885859341424","0.889025714701889","0.93978102189781","0.936096881878566","0.901709649483027"
"636","2016-09-01 - 2019-07-18","0.98467342253634","0.865511875778457","0.882958128030553","0.956678700361011","0.949116010011521","0.970934768862361"
"637","2016-09-08 - 2019-07-25","0.897527467855751","0.844514369379992","0.900723421474282","0.945312137462227","0.98327056215401","0.930117293657361"
"638","2016-09-15 - 2019-08-01","0.964367996262981","0.908933133494297","0.949117424923661","0.987329805022057","0.9186707006459","0.941706191738566"
"639","2016-09-22 - 2019-08-08","0.949820689487231","0.917039897639959","0.97191440662077","0.982188731863753","0.943736420932393","0.935900440204058"
"640","2016-09-29 - 2019-08-15","0.894144393949908","0.867532846881384","0.980730371238039","0.973084132133711","0.965719325040496","0.949116010011521"
"641","2016-10-06 - 2019-08-22","0.964367996262981","0.888217776004321","0.914776431920942","0.972953177662522","0.951037342470938","0.978500908930073"
"642","2016-10-13 - 2019-08-29","0.878692642768945","0.957593197983584","0.893334953897078","0.937424102605495","0.942542015629863","0.954642099075047"
"643","2016-10-20 - 2019-09-05","0.897785241104483","0.905099950235254","0.89678871904668","0.953068592057762","0.906313594805884","0.950014250320633"
"644","2016-10-27 - 2019-09-12","0.840251396287793","0.905305422218865","0.939866605769788","0.985599984521802","0.940839049491647","0.965356577561841"
"645","2016-11-03 - 2019-09-19","0.874531036549592","0.886266469774138","0.918219138228622","0.965890246045957","0.956684934562236","0.985599984521802"
"646","2016-11-10 - 2019-09-26","0.878846153846154","0.783813442468041","0.849818784991666","0.980468486097143","0.980442556009174","0.952752469819994"
"647","2016-11-17 - 2019-10-03","0.887865075468664","0.911684611677104","0.900998198005406","0.975058505135159","0.965807952604124","0.969164846214064"
"648","2016-11-24 - 2019-10-10","0.951661902861773","0.831602628799857","0.872523505513748","0.969649041148808","0.97131382105136","0.962176218893314"
"649","2016-12-01 - 2019-10-17","0.932360129173208","0.946335314729123","0.91075454020843","0.983901395448335","0.941488298602963","0.95816114316973"
"650","2016-12-08 - 2019-10-24","0.86800207477284","0.824785240136932","0.849818784991666","0.971106602750845","0.965556692392046","0.946803335231996"
"651","2016-12-15 - 2019-10-31","0.946228744653904","0.911418037551049","0.925513112272721","0.916584908733921","0.933647163245023","0.965586048028362"
"652","2016-12-22 - 2019-11-07","0.862841888199111","0.781965130711629","0.946181840113529","0.962013353129115","0.954646447280272","0.950374069915667"
"653","2016-12-29 - 2019-11-14","0.767624619369902","0.736244432172535","0.969931666113779","0.956454710572022","0.956454710572022","0.909433962264151"
"654","2017-01-05 - 2019-11-21","0.807744378124761","0.761052627568143","0.924994580125761","0.931800765249616","0.949097184134358","0.935195314798665"
"655","2017-01-12 - 2019-11-28","0.886946790161204","0.819975955756089","0.88417647455889","0.945312137462227","0.98011010158449","0.957992490721473"
"656","2017-01-19 - 2019-12-05","0.86384694606831","0.772545797954248","0.844196703260634","0.90590405904059","0.948066633162116","0.93507941900921"
"657","2017-01-26 - 2019-12-12","0.819828720763547","0.794630978413917","0.902110954015489","0.934362576024441","0.95792878970225","0.942500684239442"
"658","2017-02-02 - 2019-12-19","0.854097394444208","0.817153432782977","0.92271514187692","0.950896970888401","0.958560114537607","0.989110383213373"
"659","2017-02-09 - 2019-12-26","0.784747334135668","0.87487356256683","0.844196703260634","0.937506335893598","0.978285311689117","0.96744845681911"
